timestamp_utc,timestamp_local,bidding_zone,price_eur_mwh
2021-11-07T23:00:00+00:00,2021-11-08T00:00:00+01:00,AT,101.31
2021-11-07T23:00:00+00:00,2021-11-08T00:00:00+01:00,BE,177.3
2021-11-07T23:00:00+00:00,2021-11-08T00:00:00+01:00,CH,176.2
2021-11-07T23:00:00+00:00,2021-11-08T00:00:00+01:00,DE-LU,55.39
2021-11-07T23:00:00+00:00,2021-11-08T00:00:00+01:00,FR,172.86
2021-11-07T23:00:00+00:00,2021-11-08T00:00:00+01:00,NL,200.1
2021-11-08T00:00:00+00:00,2021-11-08T01:00:00+01:00,AT,98.59
2021-11-08T00:00:00+00:00,2021-11-08T01:00:00+01:00,BE,160.84
2021-11-08T00:00:00+00:00,2021-11-08T01:00:00+01:00,CH,170.89
2021-11-08T00:00:00+00:00,2021-11-08T01:00:00+01:00,DE-LU,57.94
2021-11-08T00:00:00+00:00,2021-11-08T01:00:00+01:00,FR,165.68
2021-11-08T00:00:00+00:00,2021-11-08T01:00:00+01:00,NL,189.0
2021-11-08T01:00:00+00:00,2021-11-08T02:00:00+01:00,AT,102.24
2021-11-08T01:00:00+00:00,2021-11-08T02:00:00+01:00,BE,177.33
2021-11-08T01:00:00+00:00,2021-11-08T02:00:00+01:00,CH,170.84
2021-11-08T01:00:00+00:00,2021-11-08T02:00:00+01:00,DE-LU,62.95
2021-11-08T01:00:00+00:00,2021-11-08T02:00:00+01:00,FR,155.75
2021-11-08T01:00:00+00:00,2021-11-08T02:00:00+01:00,NL,180.0
2021-11-08T02:00:00+00:00,2021-11-08T03:00:00+01:00,AT,95.3
2021-11-08T02:00:00+00:00,2021-11-08T03:00:00+01:00,BE,166.72
2021-11-08T02:00:00+00:00,2021-11-08T03:00:00+01:00,CH,168.87
2021-11-08T02:00:00+00:00,2021-11-08T03:00:00+01:00,DE-LU,60.0
2021-11-08T02:00:00+00:00,2021-11-08T03:00:00+01:00,FR,139.41
2021-11-08T02:00:00+00:00,2021-11-08T03:00:00+01:00,NL,148.19
2021-11-08T03:00:00+00:00,2021-11-08T04:00:00+01:00,AT,100.91
2021-11-08T03:00:00+00:00,2021-11-08T04:00:00+01:00,BE,172.69
2021-11-08T03:00:00+00:00,2021-11-08T04:00:00+01:00,CH,170.57
2021-11-08T03:00:00+00:00,2021-11-08T04:00:00+01:00,DE-LU,60.92
2021-11-08T03:00:00+00:00,2021-11-08T04:00:00+01:00,FR,139.36
2021-11-08T03:00:00+00:00,2021-11-08T04:00:00+01:00,NL,154.1
2021-11-08T04:00:00+00:00,2021-11-08T05:00:00+01:00,AT,163.52
2021-11-08T04:00:00+00:00,2021-11-08T05:00:00+01:00,BE,164.77
2021-11-08T04:00:00+00:00,2021-11-08T05:00:00+01:00,CH,176.06
2021-11-08T04:00:00+00:00,2021-11-08T05:00:00+01:00,DE-LU,74.97
2021-11-08T04:00:00+00:00,2021-11-08T05:00:00+01:00,FR,152.55
2021-11-08T04:00:00+00:00,2021-11-08T05:00:00+01:00,NL,134.0
2021-11-08T05:00:00+00:00,2021-11-08T06:00:00+01:00,AT,200.96
2021-11-08T05:00:00+00:00,2021-11-08T06:00:00+01:00,BE,201.02
2021-11-08T05:00:00+00:00,2021-11-08T06:00:00+01:00,CH,199.38
2021-11-08T05:00:00+00:00,2021-11-08T06:00:00+01:00,DE-LU,173.9
2021-11-08T05:00:00+00:00,2021-11-08T06:00:00+01:00,FR,207.17
2021-11-08T05:00:00+00:00,2021-11-08T06:00:00+01:00,NL,178.99
2021-11-08T06:00:00+00:00,2021-11-08T07:00:00+01:00,AT,226.81
2021-11-08T06:00:00+00:00,2021-11-08T07:00:00+01:00,BE,228.76
2021-11-08T06:00:00+00:00,2021-11-08T07:00:00+01:00,CH,212.03
2021-11-08T06:00:00+00:00,2021-11-08T07:00:00+01:00,DE-LU,221.15
2021-11-08T06:00:00+00:00,2021-11-08T07:00:00+01:00,FR,229.02
2021-11-08T06:00:00+00:00,2021-11-08T07:00:00+01:00,NL,224.0
2021-11-08T07:00:00+00:00,2021-11-08T08:00:00+01:00,AT,237.99
2021-11-08T07:00:00+00:00,2021-11-08T08:00:00+01:00,BE,246.89
2021-11-08T07:00:00+00:00,2021-11-08T08:00:00+01:00,CH,222.15
2021-11-08T07:00:00+00:00,2021-11-08T08:00:00+01:00,DE-LU,214.08
2021-11-08T07:00:00+00:00,2021-11-08T08:00:00+01:00,FR,248.05
2021-11-08T07:00:00+00:00,2021-11-08T08:00:00+01:00,NL,225.02
2021-11-08T08:00:00+00:00,2021-11-08T09:00:00+01:00,AT,229.95
2021-11-08T08:00:00+00:00,2021-11-08T09:00:00+01:00,BE,241.11
2021-11-08T08:00:00+00:00,2021-11-08T09:00:00+01:00,CH,219.13
2021-11-08T08:00:00+00:00,2021-11-08T09:00:00+01:00,DE-LU,199.95
2021-11-08T08:00:00+00:00,2021-11-08T09:00:00+01:00,FR,242.55
2021-11-08T08:00:00+00:00,2021-11-08T09:00:00+01:00,NL,213.68
2021-11-08T09:00:00+00:00,2021-11-08T10:00:00+01:00,AT,217.99
2021-11-08T09:00:00+00:00,2021-11-08T10:00:00+01:00,BE,221.28
2021-11-08T09:00:00+00:00,2021-11-08T10:00:00+01:00,CH,214.16
2021-11-08T09:00:00+00:00,2021-11-08T10:00:00+01:00,DE-LU,190.17
2021-11-08T09:00:00+00:00,2021-11-08T10:00:00+01:00,FR,225.69
2021-11-08T09:00:00+00:00,2021-11-08T10:00:00+01:00,NL,197.13
2021-11-08T10:00:00+00:00,2021-11-08T11:00:00+01:00,AT,219.9
2021-11-08T10:00:00+00:00,2021-11-08T11:00:00+01:00,BE,214.04
2021-11-08T10:00:00+00:00,2021-11-08T11:00:00+01:00,CH,212.01
2021-11-08T10:00:00+00:00,2021-11-08T11:00:00+01:00,DE-LU,188.59
2021-11-08T10:00:00+00:00,2021-11-08T11:00:00+01:00,FR,223.13
2021-11-08T10:00:00+00:00,2021-11-08T11:00:00+01:00,NL,188.59
2021-11-08T11:00:00+00:00,2021-11-08T12:00:00+01:00,AT,216.5
2021-11-08T11:00:00+00:00,2021-11-08T12:00:00+01:00,BE,205.9
2021-11-08T11:00:00+00:00,2021-11-08T12:00:00+01:00,CH,210.06
2021-11-08T11:00:00+00:00,2021-11-08T12:00:00+01:00,DE-LU,202.33
2021-11-08T11:00:00+00:00,2021-11-08T12:00:00+01:00,FR,213.43
2021-11-08T11:00:00+00:00,2021-11-08T12:00:00+01:00,NL,195.87
2021-11-08T12:00:00+00:00,2021-11-08T13:00:00+01:00,AT,214.58
2021-11-08T12:00:00+00:00,2021-11-08T13:00:00+01:00,BE,214.58
2021-11-08T12:00:00+00:00,2021-11-08T13:00:00+01:00,CH,205.07
2021-11-08T12:00:00+00:00,2021-11-08T13:00:00+01:00,DE-LU,214.58
2021-11-08T12:00:00+00:00,2021-11-08T13:00:00+01:00,FR,214.58
2021-11-08T12:00:00+00:00,2021-11-08T13:00:00+01:00,NL,214.58
2021-11-08T13:00:00+00:00,2021-11-08T14:00:00+01:00,AT,212.96
2021-11-08T13:00:00+00:00,2021-11-08T14:00:00+01:00,BE,212.96
2021-11-08T13:00:00+00:00,2021-11-08T14:00:00+01:00,CH,209.73
2021-11-08T13:00:00+00:00,2021-11-08T14:00:00+01:00,DE-LU,212.96
2021-11-08T13:00:00+00:00,2021-11-08T14:00:00+01:00,FR,212.96
2021-11-08T13:00:00+00:00,2021-11-08T14:00:00+01:00,NL,212.96
2021-11-08T14:00:00+00:00,2021-11-08T15:00:00+01:00,AT,220.09
2021-11-08T14:00:00+00:00,2021-11-08T15:00:00+01:00,BE,220.09
2021-11-08T14:00:00+00:00,2021-11-08T15:00:00+01:00,CH,216.73
2021-11-08T14:00:00+00:00,2021-11-08T15:00:00+01:00,DE-LU,220.09
2021-11-08T14:00:00+00:00,2021-11-08T15:00:00+01:00,FR,220.09
2021-11-08T14:00:00+00:00,2021-11-08T15:00:00+01:00,NL,220.09
2021-11-08T15:00:00+00:00,2021-11-08T16:00:00+01:00,AT,229.6
2021-11-08T15:00:00+00:00,2021-11-08T16:00:00+01:00,BE,229.6
2021-11-08T15:00:00+00:00,2021-11-08T16:00:00+01:00,CH,227.34
2021-11-08T15:00:00+00:00,2021-11-08T16:00:00+01:00,DE-LU,229.6
2021-11-08T15:00:00+00:00,2021-11-08T16:00:00+01:00,FR,229.6
2021-11-08T15:00:00+00:00,2021-11-08T16:00:00+01:00,NL,229.6
2021-11-08T16:00:00+00:00,2021-11-08T17:00:00+01:00,AT,290.36
2021-11-08T16:00:00+00:00,2021-11-08T17:00:00+01:00,BE,290.36
2021-11-08T16:00:00+00:00,2021-11-08T17:00:00+01:00,CH,271.59
2021-11-08T16:00:00+00:00,2021-11-08T17:00:00+01:00,DE-LU,290.36
2021-11-08T16:00:00+00:00,2021-11-08T17:00:00+01:00,FR,290.36
2021-11-08T16:00:00+00:00,2021-11-08T17:00:00+01:00,NL,290.36
2021-11-08T17:00:00+00:00,2021-11-08T18:00:00+01:00,AT,299.9
2021-11-08T17:00:00+00:00,2021-11-08T18:00:00+01:00,BE,299.9
2021-11-08T17:00:00+00:00,2021-11-08T18:00:00+01:00,CH,274.91
2021-11-08T17:00:00+00:00,2021-11-08T18:00:00+01:00,DE-LU,299.9
2021-11-08T17:00:00+00:00,2021-11-08T18:00:00+01:00,FR,299.9
2021-11-08T17:00:00+00:00,2021-11-08T18:00:00+01:00,NL,299.9
2021-11-08T18:00:00+00:00,2021-11-08T19:00:00+01:00,AT,270.0
2021-11-08T18:00:00+00:00,2021-11-08T19:00:00+01:00,BE,270.0
2021-11-08T18:00:00+00:00,2021-11-08T19:00:00+01:00,CH,245.6
2021-11-08T18:00:00+00:00,2021-11-08T19:00:00+01:00,DE-LU,270.0
2021-11-08T18:00:00+00:00,2021-11-08T19:00:00+01:00,FR,270.0
2021-11-08T18:00:00+00:00,2021-11-08T19:00:00+01:00,NL,270.0
2021-11-08T19:00:00+00:00,2021-11-08T20:00:00+01:00,AT,222.2
2021-11-08T19:00:00+00:00,2021-11-08T20:00:00+01:00,BE,222.2
2021-11-08T19:00:00+00:00,2021-11-08T20:00:00+01:00,CH,223.29
2021-11-08T19:00:00+00:00,2021-11-08T20:00:00+01:00,DE-LU,222.2
2021-11-08T19:00:00+00:00,2021-11-08T20:00:00+01:00,FR,222.2
2021-11-08T19:00:00+00:00,2021-11-08T20:00:00+01:00,NL,222.2
2021-11-08T20:00:00+00:00,2021-11-08T21:00:00+01:00,AT,205.0
2021-11-08T20:00:00+00:00,2021-11-08T21:00:00+01:00,BE,205.0
2021-11-08T20:00:00+00:00,2021-11-08T21:00:00+01:00,CH,204.1
2021-11-08T20:00:00+00:00,2021-11-08T21:00:00+01:00,DE-LU,205.0
2021-11-08T20:00:00+00:00,2021-11-08T21:00:00+01:00,FR,205.0
2021-11-08T20:00:00+00:00,2021-11-08T21:00:00+01:00,NL,205.0
2021-11-08T21:00:00+00:00,2021-11-08T22:00:00+01:00,AT,175.56
2021-11-08T21:00:00+00:00,2021-11-08T22:00:00+01:00,BE,154.1
2021-11-08T21:00:00+00:00,2021-11-08T22:00:00+01:00,CH,193.42
2021-11-08T21:00:00+00:00,2021-11-08T22:00:00+01:00,DE-LU,173.0
2021-11-08T21:00:00+00:00,2021-11-08T22:00:00+01:00,FR,188.11
2021-11-08T21:00:00+00:00,2021-11-08T22:00:00+01:00,NL,165.04
2021-11-08T22:00:00+00:00,2021-11-08T23:00:00+01:00,AT,161.31
2021-11-08T22:00:00+00:00,2021-11-08T23:00:00+01:00,BE,132.64
2021-11-08T22:00:00+00:00,2021-11-08T23:00:00+01:00,CH,178.16
2021-11-08T22:00:00+00:00,2021-11-08T23:00:00+01:00,DE-LU,157.89
2021-11-08T22:00:00+00:00,2021-11-08T23:00:00+01:00,FR,178.15
2021-11-08T22:00:00+00:00,2021-11-08T23:00:00+01:00,NL,146.9
2021-11-08T23:00:00+00:00,2021-11-09T00:00:00+01:00,AT,153.01
2021-11-08T23:00:00+00:00,2021-11-09T00:00:00+01:00,BE,153.01
2021-11-08T23:00:00+00:00,2021-11-09T00:00:00+01:00,CH,187.24
2021-11-08T23:00:00+00:00,2021-11-09T00:00:00+01:00,DE-LU,153.01
2021-11-08T23:00:00+00:00,2021-11-09T00:00:00+01:00,FR,153.01
2021-11-08T23:00:00+00:00,2021-11-09T00:00:00+01:00,NL,153.01
2021-11-09T00:00:00+00:00,2021-11-09T01:00:00+01:00,AT,153.21
2021-11-09T00:00:00+00:00,2021-11-09T01:00:00+01:00,BE,154.0
2021-11-09T00:00:00+00:00,2021-11-09T01:00:00+01:00,CH,178.82
2021-11-09T00:00:00+00:00,2021-11-09T01:00:00+01:00,DE-LU,152.85
2021-11-09T00:00:00+00:00,2021-11-09T01:00:00+01:00,FR,154.53
2021-11-09T00:00:00+00:00,2021-11-09T01:00:00+01:00,NL,151.23
2021-11-09T01:00:00+00:00,2021-11-09T02:00:00+01:00,AT,151.01
2021-11-09T01:00:00+00:00,2021-11-09T02:00:00+01:00,BE,151.01
2021-11-09T01:00:00+00:00,2021-11-09T02:00:00+01:00,CH,175.97
2021-11-09T01:00:00+00:00,2021-11-09T02:00:00+01:00,DE-LU,151.01
2021-11-09T01:00:00+00:00,2021-11-09T02:00:00+01:00,FR,151.01
2021-11-09T01:00:00+00:00,2021-11-09T02:00:00+01:00,NL,151.01
2021-11-09T02:00:00+00:00,2021-11-09T03:00:00+01:00,AT,145.36
2021-11-09T02:00:00+00:00,2021-11-09T03:00:00+01:00,BE,145.36
2021-11-09T02:00:00+00:00,2021-11-09T03:00:00+01:00,CH,173.59
2021-11-09T02:00:00+00:00,2021-11-09T03:00:00+01:00,DE-LU,145.36
2021-11-09T02:00:00+00:00,2021-11-09T03:00:00+01:00,FR,145.36
2021-11-09T02:00:00+00:00,2021-11-09T03:00:00+01:00,NL,145.36
2021-11-09T03:00:00+00:00,2021-11-09T04:00:00+01:00,AT,145.5
2021-11-09T03:00:00+00:00,2021-11-09T04:00:00+01:00,BE,145.5
2021-11-09T03:00:00+00:00,2021-11-09T04:00:00+01:00,CH,173.59
2021-11-09T03:00:00+00:00,2021-11-09T04:00:00+01:00,DE-LU,145.5
2021-11-09T03:00:00+00:00,2021-11-09T04:00:00+01:00,FR,145.5
2021-11-09T03:00:00+00:00,2021-11-09T04:00:00+01:00,NL,145.5
2021-11-09T04:00:00+00:00,2021-11-09T05:00:00+01:00,AT,153.69
2021-11-09T04:00:00+00:00,2021-11-09T05:00:00+01:00,BE,155.54
2021-11-09T04:00:00+00:00,2021-11-09T05:00:00+01:00,CH,188.03
2021-11-09T04:00:00+00:00,2021-11-09T05:00:00+01:00,DE-LU,152.87
2021-11-09T04:00:00+00:00,2021-11-09T05:00:00+01:00,FR,156.79
2021-11-09T04:00:00+00:00,2021-11-09T05:00:00+01:00,NL,148.05
2021-11-09T05:00:00+00:00,2021-11-09T06:00:00+01:00,AT,190.0
2021-11-09T05:00:00+00:00,2021-11-09T06:00:00+01:00,BE,190.0
2021-11-09T05:00:00+00:00,2021-11-09T06:00:00+01:00,CH,210.78
2021-11-09T05:00:00+00:00,2021-11-09T06:00:00+01:00,DE-LU,190.0
2021-11-09T05:00:00+00:00,2021-11-09T06:00:00+01:00,FR,190.0
2021-11-09T05:00:00+00:00,2021-11-09T06:00:00+01:00,NL,190.0
2021-11-09T06:00:00+00:00,2021-11-09T07:00:00+01:00,AT,225.14
2021-11-09T06:00:00+00:00,2021-11-09T07:00:00+01:00,BE,219.4
2021-11-09T06:00:00+00:00,2021-11-09T07:00:00+01:00,CH,232.33
2021-11-09T06:00:00+00:00,2021-11-09T07:00:00+01:00,DE-LU,223.88
2021-11-09T06:00:00+00:00,2021-11-09T07:00:00+01:00,FR,230.08
2021-11-09T06:00:00+00:00,2021-11-09T07:00:00+01:00,NL,219.15
2021-11-09T07:00:00+00:00,2021-11-09T08:00:00+01:00,AT,252.24
2021-11-09T07:00:00+00:00,2021-11-09T08:00:00+01:00,BE,231.73
2021-11-09T07:00:00+00:00,2021-11-09T08:00:00+01:00,CH,237.09
2021-11-09T07:00:00+00:00,2021-11-09T08:00:00+01:00,DE-LU,215.58
2021-11-09T07:00:00+00:00,2021-11-09T08:00:00+01:00,FR,239.03
2021-11-09T07:00:00+00:00,2021-11-09T08:00:00+01:00,NL,188.11
2021-11-09T08:00:00+00:00,2021-11-09T09:00:00+01:00,AT,242.65
2021-11-09T08:00:00+00:00,2021-11-09T09:00:00+01:00,BE,206.58
2021-11-09T08:00:00+00:00,2021-11-09T09:00:00+01:00,CH,234.09
2021-11-09T08:00:00+00:00,2021-11-09T09:00:00+01:00,DE-LU,190.09
2021-11-09T08:00:00+00:00,2021-11-09T09:00:00+01:00,FR,215.03
2021-11-09T08:00:00+00:00,2021-11-09T09:00:00+01:00,NL,161.06
2021-11-09T09:00:00+00:00,2021-11-09T10:00:00+01:00,AT,223.13
2021-11-09T09:00:00+00:00,2021-11-09T10:00:00+01:00,BE,150.0
2021-11-09T09:00:00+00:00,2021-11-09T10:00:00+01:00,CH,222.87
2021-11-09T09:00:00+00:00,2021-11-09T10:00:00+01:00,DE-LU,151.87
2021-11-09T09:00:00+00:00,2021-11-09T10:00:00+01:00,FR,180.98
2021-11-09T09:00:00+00:00,2021-11-09T10:00:00+01:00,NL,146.6
2021-11-09T10:00:00+00:00,2021-11-09T11:00:00+01:00,AT,219.99
2021-11-09T10:00:00+00:00,2021-11-09T11:00:00+01:00,BE,150.0
2021-11-09T10:00:00+00:00,2021-11-09T11:00:00+01:00,CH,219.93
2021-11-09T10:00:00+00:00,2021-11-09T11:00:00+01:00,DE-LU,135.03
2021-11-09T10:00:00+00:00,2021-11-09T11:00:00+01:00,FR,170.01
2021-11-09T10:00:00+00:00,2021-11-09T11:00:00+01:00,NL,145.76
2021-11-09T11:00:00+00:00,2021-11-09T12:00:00+01:00,AT,216.0
2021-11-09T11:00:00+00:00,2021-11-09T12:00:00+01:00,BE,155.2
2021-11-09T11:00:00+00:00,2021-11-09T12:00:00+01:00,CH,215.52
2021-11-09T11:00:00+00:00,2021-11-09T12:00:00+01:00,DE-LU,120.08
2021-11-09T11:00:00+00:00,2021-11-09T12:00:00+01:00,FR,169.46
2021-11-09T11:00:00+00:00,2021-11-09T12:00:00+01:00,NL,148.2
2021-11-09T12:00:00+00:00,2021-11-09T13:00:00+01:00,AT,218.2
2021-11-09T12:00:00+00:00,2021-11-09T13:00:00+01:00,BE,158.65
2021-11-09T12:00:00+00:00,2021-11-09T13:00:00+01:00,CH,212.27
2021-11-09T12:00:00+00:00,2021-11-09T13:00:00+01:00,DE-LU,127.46
2021-11-09T12:00:00+00:00,2021-11-09T13:00:00+01:00,FR,171.46
2021-11-09T12:00:00+00:00,2021-11-09T13:00:00+01:00,NL,151.1
2021-11-09T13:00:00+00:00,2021-11-09T14:00:00+01:00,AT,219.91
2021-11-09T13:00:00+00:00,2021-11-09T14:00:00+01:00,BE,165.29
2021-11-09T13:00:00+00:00,2021-11-09T14:00:00+01:00,CH,219.91
2021-11-09T13:00:00+00:00,2021-11-09T14:00:00+01:00,DE-LU,147.01
2021-11-09T13:00:00+00:00,2021-11-09T14:00:00+01:00,FR,175.52
2021-11-09T13:00:00+00:00,2021-11-09T14:00:00+01:00,NL,152.95
2021-11-09T14:00:00+00:00,2021-11-09T15:00:00+01:00,AT,214.93
2021-11-09T14:00:00+00:00,2021-11-09T15:00:00+01:00,BE,184.54
2021-11-09T14:00:00+00:00,2021-11-09T15:00:00+01:00,CH,227.61
2021-11-09T14:00:00+00:00,2021-11-09T15:00:00+01:00,DE-LU,170.0
2021-11-09T14:00:00+00:00,2021-11-09T15:00:00+01:00,FR,191.89
2021-11-09T14:00:00+00:00,2021-11-09T15:00:00+01:00,NL,170.0
2021-11-09T15:00:00+00:00,2021-11-09T16:00:00+01:00,AT,219.97
2021-11-09T15:00:00+00:00,2021-11-09T16:00:00+01:00,BE,203.9
2021-11-09T15:00:00+00:00,2021-11-09T16:00:00+01:00,CH,227.62
2021-11-09T15:00:00+00:00,2021-11-09T16:00:00+01:00,DE-LU,203.9
2021-11-09T15:00:00+00:00,2021-11-09T16:00:00+01:00,FR,212.41
2021-11-09T15:00:00+00:00,2021-11-09T16:00:00+01:00,NL,203.9
2021-11-09T16:00:00+00:00,2021-11-09T17:00:00+01:00,AT,223.67
2021-11-09T16:00:00+00:00,2021-11-09T17:00:00+01:00,BE,223.67
2021-11-09T16:00:00+00:00,2021-11-09T17:00:00+01:00,CH,248.01
2021-11-09T16:00:00+00:00,2021-11-09T17:00:00+01:00,DE-LU,223.67
2021-11-09T16:00:00+00:00,2021-11-09T17:00:00+01:00,FR,223.67
2021-11-09T16:00:00+00:00,2021-11-09T17:00:00+01:00,NL,223.67
2021-11-09T17:00:00+00:00,2021-11-09T18:00:00+01:00,AT,219.98
2021-11-09T17:00:00+00:00,2021-11-09T18:00:00+01:00,BE,235.85
2021-11-09T17:00:00+00:00,2021-11-09T18:00:00+01:00,CH,270.03
2021-11-09T17:00:00+00:00,2021-11-09T18:00:00+01:00,DE-LU,190.0
2021-11-09T17:00:00+00:00,2021-11-09T18:00:00+01:00,FR,255.0
2021-11-09T17:00:00+00:00,2021-11-09T18:00:00+01:00,NL,215.0
2021-11-09T18:00:00+00:00,2021-11-09T19:00:00+01:00,AT,214.93
2021-11-09T18:00:00+00:00,2021-11-09T19:00:00+01:00,BE,223.05
2021-11-09T18:00:00+00:00,2021-11-09T19:00:00+01:00,CH,250.04
2021-11-09T18:00:00+00:00,2021-11-09T19:00:00+01:00,DE-LU,184.56
2021-11-09T18:00:00+00:00,2021-11-09T19:00:00+01:00,FR,239.44
2021-11-09T18:00:00+00:00,2021-11-09T19:00:00+01:00,NL,181.0
2021-11-09T19:00:00+00:00,2021-11-09T20:00:00+01:00,AT,187.08
2021-11-09T19:00:00+00:00,2021-11-09T20:00:00+01:00,BE,194.87
2021-11-09T19:00:00+00:00,2021-11-09T20:00:00+01:00,CH,230.01
2021-11-09T19:00:00+00:00,2021-11-09T20:00:00+01:00,DE-LU,141.62
2021-11-09T19:00:00+00:00,2021-11-09T20:00:00+01:00,FR,218.4
2021-11-09T19:00:00+00:00,2021-11-09T20:00:00+01:00,NL,152.3
2021-11-09T20:00:00+00:00,2021-11-09T21:00:00+01:00,AT,157.6
2021-11-09T20:00:00+00:00,2021-11-09T21:00:00+01:00,BE,181.12
2021-11-09T20:00:00+00:00,2021-11-09T21:00:00+01:00,CH,212.23
2021-11-09T20:00:00+00:00,2021-11-09T21:00:00+01:00,DE-LU,141.72
2021-11-09T20:00:00+00:00,2021-11-09T21:00:00+01:00,FR,197.52
2021-11-09T20:00:00+00:00,2021-11-09T21:00:00+01:00,NL,152.1
2021-11-09T21:00:00+00:00,2021-11-09T22:00:00+01:00,AT,152.04
2021-11-09T21:00:00+00:00,2021-11-09T22:00:00+01:00,BE,174.95
2021-11-09T21:00:00+00:00,2021-11-09T22:00:00+01:00,CH,204.86
2021-11-09T21:00:00+00:00,2021-11-09T22:00:00+01:00,DE-LU,138.14
2021-11-09T21:00:00+00:00,2021-11-09T22:00:00+01:00,FR,191.0
2021-11-09T21:00:00+00:00,2021-11-09T22:00:00+01:00,NL,152.2
2021-11-09T22:00:00+00:00,2021-11-09T23:00:00+01:00,AT,135.07
2021-11-09T22:00:00+00:00,2021-11-09T23:00:00+01:00,BE,175.0
2021-11-09T22:00:00+00:00,2021-11-09T23:00:00+01:00,CH,197.42
2021-11-09T22:00:00+00:00,2021-11-09T23:00:00+01:00,DE-LU,120.06
2021-11-09T22:00:00+00:00,2021-11-09T23:00:00+01:00,FR,188.19
2021-11-09T22:00:00+00:00,2021-11-09T23:00:00+01:00,NL,152.3
2021-11-09T23:00:00+00:00,2021-11-10T00:00:00+01:00,AT,93.74
2021-11-09T23:00:00+00:00,2021-11-10T00:00:00+01:00,BE,187.01
2021-11-09T23:00:00+00:00,2021-11-10T00:00:00+01:00,CH,177.14
2021-11-09T23:00:00+00:00,2021-11-10T00:00:00+01:00,DE-LU,93.74
2021-11-09T23:00:00+00:00,2021-11-10T00:00:00+01:00,FR,187.01
2021-11-09T23:00:00+00:00,2021-11-10T00:00:00+01:00,NL,93.74
2021-11-10T00:00:00+00:00,2021-11-10T01:00:00+01:00,AT,94.95
2021-11-10T00:00:00+00:00,2021-11-10T01:00:00+01:00,BE,175.9
2021-11-10T00:00:00+00:00,2021-11-10T01:00:00+01:00,CH,173.5
2021-11-10T00:00:00+00:00,2021-11-10T01:00:00+01:00,DE-LU,94.95
2021-11-10T00:00:00+00:00,2021-11-10T01:00:00+01:00,FR,180.91
2021-11-10T00:00:00+00:00,2021-11-10T01:00:00+01:00,NL,99.9
2021-11-10T01:00:00+00:00,2021-11-10T02:00:00+01:00,AT,94.86
2021-11-10T01:00:00+00:00,2021-11-10T02:00:00+01:00,BE,172.0
2021-11-10T01:00:00+00:00,2021-11-10T02:00:00+01:00,CH,171.94
2021-11-10T01:00:00+00:00,2021-11-10T02:00:00+01:00,DE-LU,94.86
2021-11-10T01:00:00+00:00,2021-11-10T02:00:00+01:00,FR,179.5
2021-11-10T01:00:00+00:00,2021-11-10T02:00:00+01:00,NL,94.86
2021-11-10T02:00:00+00:00,2021-11-10T03:00:00+01:00,AT,95.95
2021-11-10T02:00:00+00:00,2021-11-10T03:00:00+01:00,BE,167.6
2021-11-10T02:00:00+00:00,2021-11-10T03:00:00+01:00,CH,166.43
2021-11-10T02:00:00+00:00,2021-11-10T03:00:00+01:00,DE-LU,95.95
2021-11-10T02:00:00+00:00,2021-11-10T03:00:00+01:00,FR,171.81
2021-11-10T02:00:00+00:00,2021-11-10T03:00:00+01:00,NL,95.95
2021-11-10T03:00:00+00:00,2021-11-10T04:00:00+01:00,AT,115.5
2021-11-10T03:00:00+00:00,2021-11-10T04:00:00+01:00,BE,171.0
2021-11-10T03:00:00+00:00,2021-11-10T04:00:00+01:00,CH,165.51
2021-11-10T03:00:00+00:00,2021-11-10T04:00:00+01:00,DE-LU,115.5
2021-11-10T03:00:00+00:00,2021-11-10T04:00:00+01:00,FR,173.25
2021-11-10T03:00:00+00:00,2021-11-10T04:00:00+01:00,NL,115.5
2021-11-10T04:00:00+00:00,2021-11-10T05:00:00+01:00,AT,140.05
2021-11-10T04:00:00+00:00,2021-11-10T05:00:00+01:00,BE,182.6
2021-11-10T04:00:00+00:00,2021-11-10T05:00:00+01:00,CH,176.12
2021-11-10T04:00:00+00:00,2021-11-10T05:00:00+01:00,DE-LU,140.05
2021-11-10T04:00:00+00:00,2021-11-10T05:00:00+01:00,FR,182.6
2021-11-10T04:00:00+00:00,2021-11-10T05:00:00+01:00,NL,140.05
2021-11-10T05:00:00+00:00,2021-11-10T06:00:00+01:00,AT,175.0
2021-11-10T05:00:00+00:00,2021-11-10T06:00:00+01:00,BE,181.0
2021-11-10T05:00:00+00:00,2021-11-10T06:00:00+01:00,CH,199.95
2021-11-10T05:00:00+00:00,2021-11-10T06:00:00+01:00,DE-LU,175.0
2021-11-10T05:00:00+00:00,2021-11-10T06:00:00+01:00,FR,221.33
2021-11-10T05:00:00+00:00,2021-11-10T06:00:00+01:00,NL,175.0
2021-11-10T06:00:00+00:00,2021-11-10T07:00:00+01:00,AT,204.98
2021-11-10T06:00:00+00:00,2021-11-10T07:00:00+01:00,BE,204.98
2021-11-10T06:00:00+00:00,2021-11-10T07:00:00+01:00,CH,233.13
2021-11-10T06:00:00+00:00,2021-11-10T07:00:00+01:00,DE-LU,204.98
2021-11-10T06:00:00+00:00,2021-11-10T07:00:00+01:00,FR,245.97
2021-11-10T06:00:00+00:00,2021-11-10T07:00:00+01:00,NL,204.98
2021-11-10T07:00:00+00:00,2021-11-10T08:00:00+01:00,AT,200.1
2021-11-10T07:00:00+00:00,2021-11-10T08:00:00+01:00,BE,212.8
2021-11-10T07:00:00+00:00,2021-11-10T08:00:00+01:00,CH,247.38
2021-11-10T07:00:00+00:00,2021-11-10T08:00:00+01:00,DE-LU,200.1
2021-11-10T07:00:00+00:00,2021-11-10T08:00:00+01:00,FR,269.68
2021-11-10T07:00:00+00:00,2021-11-10T08:00:00+01:00,NL,200.1
2021-11-10T08:00:00+00:00,2021-11-10T09:00:00+01:00,AT,156.06
2021-11-10T08:00:00+00:00,2021-11-10T09:00:00+01:00,BE,248.8
2021-11-10T08:00:00+00:00,2021-11-10T09:00:00+01:00,CH,234.11
2021-11-10T08:00:00+00:00,2021-11-10T09:00:00+01:00,DE-LU,156.06
2021-11-10T08:00:00+00:00,2021-11-10T09:00:00+01:00,FR,274.05
2021-11-10T08:00:00+00:00,2021-11-10T09:00:00+01:00,NL,156.06
2021-11-10T09:00:00+00:00,2021-11-10T10:00:00+01:00,AT,151.07
2021-11-10T09:00:00+00:00,2021-11-10T10:00:00+01:00,BE,227.9
2021-11-10T09:00:00+00:00,2021-11-10T10:00:00+01:00,CH,221.53
2021-11-10T09:00:00+00:00,2021-11-10T10:00:00+01:00,DE-LU,148.14
2021-11-10T09:00:00+00:00,2021-11-10T10:00:00+01:00,FR,263.0
2021-11-10T09:00:00+00:00,2021-11-10T10:00:00+01:00,NL,148.14
2021-11-10T10:00:00+00:00,2021-11-10T11:00:00+01:00,AT,151.1
2021-11-10T10:00:00+00:00,2021-11-10T11:00:00+01:00,BE,203.1
2021-11-10T10:00:00+00:00,2021-11-10T11:00:00+01:00,CH,221.45
2021-11-10T10:00:00+00:00,2021-11-10T11:00:00+01:00,DE-LU,150.2
2021-11-10T10:00:00+00:00,2021-11-10T11:00:00+01:00,FR,265.51
2021-11-10T10:00:00+00:00,2021-11-10T11:00:00+01:00,NL,150.2
2021-11-10T11:00:00+00:00,2021-11-10T12:00:00+01:00,AT,154.21
2021-11-10T11:00:00+00:00,2021-11-10T12:00:00+01:00,BE,195.3
2021-11-10T11:00:00+00:00,2021-11-10T12:00:00+01:00,CH,214.73
2021-11-10T11:00:00+00:00,2021-11-10T12:00:00+01:00,DE-LU,154.21
2021-11-10T11:00:00+00:00,2021-11-10T12:00:00+01:00,FR,252.24
2021-11-10T11:00:00+00:00,2021-11-10T12:00:00+01:00,NL,154.21
2021-11-10T12:00:00+00:00,2021-11-10T13:00:00+01:00,AT,168.83
2021-11-10T12:00:00+00:00,2021-11-10T13:00:00+01:00,BE,192.5
2021-11-10T12:00:00+00:00,2021-11-10T13:00:00+01:00,CH,219.02
2021-11-10T12:00:00+00:00,2021-11-10T13:00:00+01:00,DE-LU,168.83
2021-11-10T12:00:00+00:00,2021-11-10T13:00:00+01:00,FR,240.0
2021-11-10T12:00:00+00:00,2021-11-10T13:00:00+01:00,NL,168.83
2021-11-10T13:00:00+00:00,2021-11-10T14:00:00+01:00,AT,211.93
2021-11-10T13:00:00+00:00,2021-11-10T14:00:00+01:00,BE,245.52
2021-11-10T13:00:00+00:00,2021-11-10T14:00:00+01:00,CH,215.34
2021-11-10T13:00:00+00:00,2021-11-10T14:00:00+01:00,DE-LU,211.93
2021-11-10T13:00:00+00:00,2021-11-10T14:00:00+01:00,FR,245.52
2021-11-10T13:00:00+00:00,2021-11-10T14:00:00+01:00,NL,211.93
2021-11-10T14:00:00+00:00,2021-11-10T15:00:00+01:00,AT,236.62
2021-11-10T14:00:00+00:00,2021-11-10T15:00:00+01:00,BE,240.6
2021-11-10T14:00:00+00:00,2021-11-10T15:00:00+01:00,CH,228.61
2021-11-10T14:00:00+00:00,2021-11-10T15:00:00+01:00,DE-LU,236.62
2021-11-10T14:00:00+00:00,2021-11-10T15:00:00+01:00,FR,240.6
2021-11-10T14:00:00+00:00,2021-11-10T15:00:00+01:00,NL,236.62
2021-11-10T15:00:00+00:00,2021-11-10T16:00:00+01:00,AT,250.06
2021-11-10T15:00:00+00:00,2021-11-10T16:00:00+01:00,BE,250.06
2021-11-10T15:00:00+00:00,2021-11-10T16:00:00+01:00,CH,249.48
2021-11-10T15:00:00+00:00,2021-11-10T16:00:00+01:00,DE-LU,250.06
2021-11-10T15:00:00+00:00,2021-11-10T16:00:00+01:00,FR,250.06
2021-11-10T15:00:00+00:00,2021-11-10T16:00:00+01:00,NL,250.06
2021-11-10T16:00:00+00:00,2021-11-10T17:00:00+01:00,AT,295.0
2021-11-10T16:00:00+00:00,2021-11-10T17:00:00+01:00,BE,295.0
2021-11-10T16:00:00+00:00,2021-11-10T17:00:00+01:00,CH,288.62
2021-11-10T16:00:00+00:00,2021-11-10T17:00:00+01:00,DE-LU,295.0
2021-11-10T16:00:00+00:00,2021-11-10T17:00:00+01:00,FR,295.0
2021-11-10T16:00:00+00:00,2021-11-10T17:00:00+01:00,NL,295.0
2021-11-10T17:00:00+00:00,2021-11-10T18:00:00+01:00,AT,275.05
2021-11-10T17:00:00+00:00,2021-11-10T18:00:00+01:00,BE,302.8
2021-11-10T17:00:00+00:00,2021-11-10T18:00:00+01:00,CH,301.89
2021-11-10T17:00:00+00:00,2021-11-10T18:00:00+01:00,DE-LU,275.05
2021-11-10T17:00:00+00:00,2021-11-10T18:00:00+01:00,FR,302.8
2021-11-10T17:00:00+00:00,2021-11-10T18:00:00+01:00,NL,275.05
2021-11-10T18:00:00+00:00,2021-11-10T19:00:00+01:00,AT,230.0
2021-11-10T18:00:00+00:00,2021-11-10T19:00:00+01:00,BE,282.5
2021-11-10T18:00:00+00:00,2021-11-10T19:00:00+01:00,CH,276.88
2021-11-10T18:00:00+00:00,2021-11-10T19:00:00+01:00,DE-LU,230.0
2021-11-10T18:00:00+00:00,2021-11-10T19:00:00+01:00,FR,282.5
2021-11-10T18:00:00+00:00,2021-11-10T19:00:00+01:00,NL,230.0
2021-11-10T19:00:00+00:00,2021-11-10T20:00:00+01:00,AT,219.93
2021-11-10T19:00:00+00:00,2021-11-10T20:00:00+01:00,BE,243.77
2021-11-10T19:00:00+00:00,2021-11-10T20:00:00+01:00,CH,227.64
2021-11-10T19:00:00+00:00,2021-11-10T20:00:00+01:00,DE-LU,219.93
2021-11-10T19:00:00+00:00,2021-11-10T20:00:00+01:00,FR,243.77
2021-11-10T19:00:00+00:00,2021-11-10T20:00:00+01:00,NL,219.93
2021-11-10T20:00:00+00:00,2021-11-10T21:00:00+01:00,AT,193.67
2021-11-10T20:00:00+00:00,2021-11-10T21:00:00+01:00,BE,201.5
2021-11-10T20:00:00+00:00,2021-11-10T21:00:00+01:00,CH,203.13
2021-11-10T20:00:00+00:00,2021-11-10T21:00:00+01:00,DE-LU,193.67
2021-11-10T20:00:00+00:00,2021-11-10T21:00:00+01:00,FR,221.41
2021-11-10T20:00:00+00:00,2021-11-10T21:00:00+01:00,NL,193.67
2021-11-10T21:00:00+00:00,2021-11-10T22:00:00+01:00,AT,169.9
2021-11-10T21:00:00+00:00,2021-11-10T22:00:00+01:00,BE,200.0
2021-11-10T21:00:00+00:00,2021-11-10T22:00:00+01:00,CH,188.89
2021-11-10T21:00:00+00:00,2021-11-10T22:00:00+01:00,DE-LU,169.9
2021-11-10T21:00:00+00:00,2021-11-10T22:00:00+01:00,FR,202.0
2021-11-10T21:00:00+00:00,2021-11-10T22:00:00+01:00,NL,169.9
2021-11-10T22:00:00+00:00,2021-11-10T23:00:00+01:00,AT,155.5
2021-11-10T22:00:00+00:00,2021-11-10T23:00:00+01:00,BE,186.97
2021-11-10T22:00:00+00:00,2021-11-10T23:00:00+01:00,CH,181.47
2021-11-10T22:00:00+00:00,2021-11-10T23:00:00+01:00,DE-LU,155.5
2021-11-10T22:00:00+00:00,2021-11-10T23:00:00+01:00,FR,186.97
2021-11-10T22:00:00+00:00,2021-11-10T23:00:00+01:00,NL,155.5
2021-11-10T23:00:00+00:00,2021-11-11T00:00:00+01:00,AT,168.03
2021-11-10T23:00:00+00:00,2021-11-11T00:00:00+01:00,BE,168.03
2021-11-10T23:00:00+00:00,2021-11-11T00:00:00+01:00,CH,167.84
2021-11-10T23:00:00+00:00,2021-11-11T00:00:00+01:00,DE-LU,168.03
2021-11-10T23:00:00+00:00,2021-11-11T00:00:00+01:00,FR,168.03
2021-11-10T23:00:00+00:00,2021-11-11T00:00:00+01:00,NL,168.03
2021-11-11T00:00:00+00:00,2021-11-11T01:00:00+01:00,AT,161.36
2021-11-11T00:00:00+00:00,2021-11-11T01:00:00+01:00,BE,161.36
2021-11-11T00:00:00+00:00,2021-11-11T01:00:00+01:00,CH,163.41
2021-11-11T00:00:00+00:00,2021-11-11T01:00:00+01:00,DE-LU,161.36
2021-11-11T00:00:00+00:00,2021-11-11T01:00:00+01:00,FR,161.36
2021-11-11T00:00:00+00:00,2021-11-11T01:00:00+01:00,NL,161.36
2021-11-11T01:00:00+00:00,2021-11-11T02:00:00+01:00,AT,160.0
2021-11-11T01:00:00+00:00,2021-11-11T02:00:00+01:00,BE,160.0
2021-11-11T01:00:00+00:00,2021-11-11T02:00:00+01:00,CH,158.44
2021-11-11T01:00:00+00:00,2021-11-11T02:00:00+01:00,DE-LU,160.0
2021-11-11T01:00:00+00:00,2021-11-11T02:00:00+01:00,FR,160.0
2021-11-11T01:00:00+00:00,2021-11-11T02:00:00+01:00,NL,160.0
2021-11-11T02:00:00+00:00,2021-11-11T03:00:00+01:00,AT,152.5
2021-11-11T02:00:00+00:00,2021-11-11T03:00:00+01:00,BE,152.5
2021-11-11T02:00:00+00:00,2021-11-11T03:00:00+01:00,CH,153.24
2021-11-11T02:00:00+00:00,2021-11-11T03:00:00+01:00,DE-LU,152.5
2021-11-11T02:00:00+00:00,2021-11-11T03:00:00+01:00,FR,152.5
2021-11-11T02:00:00+00:00,2021-11-11T03:00:00+01:00,NL,152.5
2021-11-11T03:00:00+00:00,2021-11-11T04:00:00+01:00,AT,155.0
2021-11-11T03:00:00+00:00,2021-11-11T04:00:00+01:00,BE,155.0
2021-11-11T03:00:00+00:00,2021-11-11T04:00:00+01:00,CH,152.08
2021-11-11T03:00:00+00:00,2021-11-11T04:00:00+01:00,DE-LU,155.0
2021-11-11T03:00:00+00:00,2021-11-11T04:00:00+01:00,FR,155.0
2021-11-11T03:00:00+00:00,2021-11-11T04:00:00+01:00,NL,155.0
2021-11-11T04:00:00+00:00,2021-11-11T05:00:00+01:00,AT,160.09
2021-11-11T04:00:00+00:00,2021-11-11T05:00:00+01:00,BE,160.09
2021-11-11T04:00:00+00:00,2021-11-11T05:00:00+01:00,CH,160.26
2021-11-11T04:00:00+00:00,2021-11-11T05:00:00+01:00,DE-LU,160.09
2021-11-11T04:00:00+00:00,2021-11-11T05:00:00+01:00,FR,160.09
2021-11-11T04:00:00+00:00,2021-11-11T05:00:00+01:00,NL,160.09
2021-11-11T05:00:00+00:00,2021-11-11T06:00:00+01:00,AT,183.87
2021-11-11T05:00:00+00:00,2021-11-11T06:00:00+01:00,BE,164.05
2021-11-11T05:00:00+00:00,2021-11-11T06:00:00+01:00,CH,182.2
2021-11-11T05:00:00+00:00,2021-11-11T06:00:00+01:00,DE-LU,183.87
2021-11-11T05:00:00+00:00,2021-11-11T06:00:00+01:00,FR,170.96
2021-11-11T05:00:00+00:00,2021-11-11T06:00:00+01:00,NL,140.1
2021-11-11T06:00:00+00:00,2021-11-11T07:00:00+01:00,AT,214.0
2021-11-11T06:00:00+00:00,2021-11-11T07:00:00+01:00,BE,193.49
2021-11-11T06:00:00+00:00,2021-11-11T07:00:00+01:00,CH,206.84
2021-11-11T06:00:00+00:00,2021-11-11T07:00:00+01:00,DE-LU,214.0
2021-11-11T06:00:00+00:00,2021-11-11T07:00:00+01:00,FR,200.6
2021-11-11T06:00:00+00:00,2021-11-11T07:00:00+01:00,NL,163.0
2021-11-11T07:00:00+00:00,2021-11-11T08:00:00+01:00,AT,219.94
2021-11-11T07:00:00+00:00,2021-11-11T08:00:00+01:00,BE,219.94
2021-11-11T07:00:00+00:00,2021-11-11T08:00:00+01:00,CH,207.14
2021-11-11T07:00:00+00:00,2021-11-11T08:00:00+01:00,DE-LU,219.94
2021-11-11T07:00:00+00:00,2021-11-11T08:00:00+01:00,FR,219.94
2021-11-11T07:00:00+00:00,2021-11-11T08:00:00+01:00,NL,219.94
2021-11-11T08:00:00+00:00,2021-11-11T09:00:00+01:00,AT,215.95
2021-11-11T08:00:00+00:00,2021-11-11T09:00:00+01:00,BE,215.95
2021-11-11T08:00:00+00:00,2021-11-11T09:00:00+01:00,CH,202.73
2021-11-11T08:00:00+00:00,2021-11-11T09:00:00+01:00,DE-LU,215.95
2021-11-11T08:00:00+00:00,2021-11-11T09:00:00+01:00,FR,215.95
2021-11-11T08:00:00+00:00,2021-11-11T09:00:00+01:00,NL,215.95
2021-11-11T09:00:00+00:00,2021-11-11T10:00:00+01:00,AT,199.2
2021-11-11T09:00:00+00:00,2021-11-11T10:00:00+01:00,BE,199.2
2021-11-11T09:00:00+00:00,2021-11-11T10:00:00+01:00,CH,197.56
2021-11-11T09:00:00+00:00,2021-11-11T10:00:00+01:00,DE-LU,199.2
2021-11-11T09:00:00+00:00,2021-11-11T10:00:00+01:00,FR,199.2
2021-11-11T09:00:00+00:00,2021-11-11T10:00:00+01:00,NL,199.2
2021-11-11T10:00:00+00:00,2021-11-11T11:00:00+01:00,AT,191.6
2021-11-11T10:00:00+00:00,2021-11-11T11:00:00+01:00,BE,160.0
2021-11-11T10:00:00+00:00,2021-11-11T11:00:00+01:00,CH,195.08
2021-11-11T10:00:00+00:00,2021-11-11T11:00:00+01:00,DE-LU,168.8
2021-11-11T10:00:00+00:00,2021-11-11T11:00:00+01:00,FR,181.3
2021-11-11T10:00:00+00:00,2021-11-11T11:00:00+01:00,NL,161.5
2021-11-11T11:00:00+00:00,2021-11-11T12:00:00+01:00,AT,187.86
2021-11-11T11:00:00+00:00,2021-11-11T12:00:00+01:00,BE,147.85
2021-11-11T11:00:00+00:00,2021-11-11T12:00:00+01:00,CH,189.08
2021-11-11T11:00:00+00:00,2021-11-11T12:00:00+01:00,DE-LU,159.58
2021-11-11T11:00:00+00:00,2021-11-11T12:00:00+01:00,FR,176.26
2021-11-11T11:00:00+00:00,2021-11-11T12:00:00+01:00,NL,149.88
2021-11-11T12:00:00+00:00,2021-11-11T13:00:00+01:00,AT,186.26
2021-11-11T12:00:00+00:00,2021-11-11T13:00:00+01:00,BE,158.38
2021-11-11T12:00:00+00:00,2021-11-11T13:00:00+01:00,CH,190.65
2021-11-11T12:00:00+00:00,2021-11-11T13:00:00+01:00,DE-LU,167.04
2021-11-11T12:00:00+00:00,2021-11-11T13:00:00+01:00,FR,176.97
2021-11-11T12:00:00+00:00,2021-11-11T13:00:00+01:00,NL,158.38
2021-11-11T13:00:00+00:00,2021-11-11T14:00:00+01:00,AT,208.5
2021-11-11T13:00:00+00:00,2021-11-11T14:00:00+01:00,BE,163.78
2021-11-11T13:00:00+00:00,2021-11-11T14:00:00+01:00,CH,196.2
2021-11-11T13:00:00+00:00,2021-11-11T14:00:00+01:00,DE-LU,184.54
2021-11-11T13:00:00+00:00,2021-11-11T14:00:00+01:00,FR,173.57
2021-11-11T13:00:00+00:00,2021-11-11T14:00:00+01:00,NL,163.78
2021-11-11T14:00:00+00:00,2021-11-11T15:00:00+01:00,AT,224.92
2021-11-11T14:00:00+00:00,2021-11-11T15:00:00+01:00,BE,173.57
2021-11-11T14:00:00+00:00,2021-11-11T15:00:00+01:00,CH,201.16
2021-11-11T14:00:00+00:00,2021-11-11T15:00:00+01:00,DE-LU,201.37
2021-11-11T14:00:00+00:00,2021-11-11T15:00:00+01:00,FR,174.6
2021-11-11T14:00:00+00:00,2021-11-11T15:00:00+01:00,NL,160.0
2021-11-11T15:00:00+00:00,2021-11-11T16:00:00+01:00,AT,235.61
2021-11-11T15:00:00+00:00,2021-11-11T16:00:00+01:00,BE,200.65
2021-11-11T15:00:00+00:00,2021-11-11T16:00:00+01:00,CH,209.9
2021-11-11T15:00:00+00:00,2021-11-11T16:00:00+01:00,DE-LU,219.59
2021-11-11T15:00:00+00:00,2021-11-11T16:00:00+01:00,FR,188.99
2021-11-11T15:00:00+00:00,2021-11-11T16:00:00+01:00,NL,216.03
2021-11-11T16:00:00+00:00,2021-11-11T17:00:00+01:00,AT,241.1
2021-11-11T16:00:00+00:00,2021-11-11T17:00:00+01:00,BE,231.4
2021-11-11T16:00:00+00:00,2021-11-11T17:00:00+01:00,CH,240.03
2021-11-11T16:00:00+00:00,2021-11-11T17:00:00+01:00,DE-LU,240.02
2021-11-11T16:00:00+00:00,2021-11-11T17:00:00+01:00,FR,226.03
2021-11-11T16:00:00+00:00,2021-11-11T17:00:00+01:00,NL,238.37
2021-11-11T17:00:00+00:00,2021-11-11T18:00:00+01:00,AT,252.12
2021-11-11T17:00:00+00:00,2021-11-11T18:00:00+01:00,BE,252.12
2021-11-11T17:00:00+00:00,2021-11-11T18:00:00+01:00,CH,252.39
2021-11-11T17:00:00+00:00,2021-11-11T18:00:00+01:00,DE-LU,252.12
2021-11-11T17:00:00+00:00,2021-11-11T18:00:00+01:00,FR,252.12
2021-11-11T17:00:00+00:00,2021-11-11T18:00:00+01:00,NL,252.12
2021-11-11T18:00:00+00:00,2021-11-11T19:00:00+01:00,AT,232.09
2021-11-11T18:00:00+00:00,2021-11-11T19:00:00+01:00,BE,232.09
2021-11-11T18:00:00+00:00,2021-11-11T19:00:00+01:00,CH,232.75
2021-11-11T18:00:00+00:00,2021-11-11T19:00:00+01:00,DE-LU,232.09
2021-11-11T18:00:00+00:00,2021-11-11T19:00:00+01:00,FR,232.09
2021-11-11T18:00:00+00:00,2021-11-11T19:00:00+01:00,NL,232.09
2021-11-11T19:00:00+00:00,2021-11-11T20:00:00+01:00,AT,218.0
2021-11-11T19:00:00+00:00,2021-11-11T20:00:00+01:00,BE,218.0
2021-11-11T19:00:00+00:00,2021-11-11T20:00:00+01:00,CH,206.96
2021-11-11T19:00:00+00:00,2021-11-11T20:00:00+01:00,DE-LU,218.0
2021-11-11T19:00:00+00:00,2021-11-11T20:00:00+01:00,FR,218.0
2021-11-11T19:00:00+00:00,2021-11-11T20:00:00+01:00,NL,218.0
2021-11-11T20:00:00+00:00,2021-11-11T21:00:00+01:00,AT,201.0
2021-11-11T20:00:00+00:00,2021-11-11T21:00:00+01:00,BE,201.0
2021-11-11T20:00:00+00:00,2021-11-11T21:00:00+01:00,CH,188.26
2021-11-11T20:00:00+00:00,2021-11-11T21:00:00+01:00,DE-LU,201.0
2021-11-11T20:00:00+00:00,2021-11-11T21:00:00+01:00,FR,201.0
2021-11-11T20:00:00+00:00,2021-11-11T21:00:00+01:00,NL,201.0
2021-11-11T21:00:00+00:00,2021-11-11T22:00:00+01:00,AT,180.01
2021-11-11T21:00:00+00:00,2021-11-11T22:00:00+01:00,BE,180.01
2021-11-11T21:00:00+00:00,2021-11-11T22:00:00+01:00,CH,180.42
2021-11-11T21:00:00+00:00,2021-11-11T22:00:00+01:00,DE-LU,180.01
2021-11-11T21:00:00+00:00,2021-11-11T22:00:00+01:00,FR,180.01
2021-11-11T21:00:00+00:00,2021-11-11T22:00:00+01:00,NL,180.01
2021-11-11T22:00:00+00:00,2021-11-11T23:00:00+01:00,AT,164.79
2021-11-11T22:00:00+00:00,2021-11-11T23:00:00+01:00,BE,149.41
2021-11-11T22:00:00+00:00,2021-11-11T23:00:00+01:00,CH,168.74
2021-11-11T22:00:00+00:00,2021-11-11T23:00:00+01:00,DE-LU,156.14
2021-11-11T22:00:00+00:00,2021-11-11T23:00:00+01:00,FR,164.79
2021-11-11T22:00:00+00:00,2021-11-11T23:00:00+01:00,NL,150.86
2021-11-11T23:00:00+00:00,2021-11-12T00:00:00+01:00,AT,167.72
2021-11-11T23:00:00+00:00,2021-11-12T00:00:00+01:00,BE,167.72
2021-11-11T23:00:00+00:00,2021-11-12T00:00:00+01:00,CH,162.38
2021-11-11T23:00:00+00:00,2021-11-12T00:00:00+01:00,DE-LU,167.72
2021-11-11T23:00:00+00:00,2021-11-12T00:00:00+01:00,FR,167.72
2021-11-11T23:00:00+00:00,2021-11-12T00:00:00+01:00,NL,167.72
2021-11-12T00:00:00+00:00,2021-11-12T01:00:00+01:00,AT,164.25
2021-11-12T00:00:00+00:00,2021-11-12T01:00:00+01:00,BE,164.25
2021-11-12T00:00:00+00:00,2021-11-12T01:00:00+01:00,CH,157.56
2021-11-12T00:00:00+00:00,2021-11-12T01:00:00+01:00,DE-LU,164.25
2021-11-12T00:00:00+00:00,2021-11-12T01:00:00+01:00,FR,164.25
2021-11-12T00:00:00+00:00,2021-11-12T01:00:00+01:00,NL,164.25
2021-11-12T01:00:00+00:00,2021-11-12T02:00:00+01:00,AT,162.16
2021-11-12T01:00:00+00:00,2021-11-12T02:00:00+01:00,BE,162.16
2021-11-12T01:00:00+00:00,2021-11-12T02:00:00+01:00,CH,160.16
2021-11-12T01:00:00+00:00,2021-11-12T02:00:00+01:00,DE-LU,162.16
2021-11-12T01:00:00+00:00,2021-11-12T02:00:00+01:00,FR,162.16
2021-11-12T01:00:00+00:00,2021-11-12T02:00:00+01:00,NL,162.16
2021-11-12T02:00:00+00:00,2021-11-12T03:00:00+01:00,AT,153.0
2021-11-12T02:00:00+00:00,2021-11-12T03:00:00+01:00,BE,153.0
2021-11-12T02:00:00+00:00,2021-11-12T03:00:00+01:00,CH,155.87
2021-11-12T02:00:00+00:00,2021-11-12T03:00:00+01:00,DE-LU,153.0
2021-11-12T02:00:00+00:00,2021-11-12T03:00:00+01:00,FR,153.0
2021-11-12T02:00:00+00:00,2021-11-12T03:00:00+01:00,NL,153.0
2021-11-12T03:00:00+00:00,2021-11-12T04:00:00+01:00,AT,160.57
2021-11-12T03:00:00+00:00,2021-11-12T04:00:00+01:00,BE,147.66
2021-11-12T03:00:00+00:00,2021-11-12T04:00:00+01:00,CH,159.13
2021-11-12T03:00:00+00:00,2021-11-12T04:00:00+01:00,DE-LU,155.02
2021-11-12T03:00:00+00:00,2021-11-12T04:00:00+01:00,FR,159.87
2021-11-12T03:00:00+00:00,2021-11-12T04:00:00+01:00,NL,145.28
2021-11-12T04:00:00+00:00,2021-11-12T05:00:00+01:00,AT,166.92
2021-11-12T04:00:00+00:00,2021-11-12T05:00:00+01:00,BE,141.48
2021-11-12T04:00:00+00:00,2021-11-12T05:00:00+01:00,CH,165.35
2021-11-12T04:00:00+00:00,2021-11-12T05:00:00+01:00,DE-LU,155.99
2021-11-12T04:00:00+00:00,2021-11-12T05:00:00+01:00,FR,165.5
2021-11-12T04:00:00+00:00,2021-11-12T05:00:00+01:00,NL,136.68
2021-11-12T05:00:00+00:00,2021-11-12T06:00:00+01:00,AT,207.09
2021-11-12T05:00:00+00:00,2021-11-12T06:00:00+01:00,BE,174.0
2021-11-12T05:00:00+00:00,2021-11-12T06:00:00+01:00,CH,191.59
2021-11-12T05:00:00+00:00,2021-11-12T06:00:00+01:00,DE-LU,180.59
2021-11-12T05:00:00+00:00,2021-11-12T06:00:00+01:00,FR,185.36
2021-11-12T05:00:00+00:00,2021-11-12T06:00:00+01:00,NL,174.0
2021-11-12T06:00:00+00:00,2021-11-12T07:00:00+01:00,AT,216.11
2021-11-12T06:00:00+00:00,2021-11-12T07:00:00+01:00,BE,214.21
2021-11-12T06:00:00+00:00,2021-11-12T07:00:00+01:00,CH,212.53
2021-11-12T06:00:00+00:00,2021-11-12T07:00:00+01:00,DE-LU,212.86
2021-11-12T06:00:00+00:00,2021-11-12T07:00:00+01:00,FR,214.19
2021-11-12T06:00:00+00:00,2021-11-12T07:00:00+01:00,NL,208.0
2021-11-12T07:00:00+00:00,2021-11-12T08:00:00+01:00,AT,236.83
2021-11-12T07:00:00+00:00,2021-11-12T08:00:00+01:00,BE,207.28
2021-11-12T07:00:00+00:00,2021-11-12T08:00:00+01:00,CH,219.45
2021-11-12T07:00:00+00:00,2021-11-12T08:00:00+01:00,DE-LU,214.77
2021-11-12T07:00:00+00:00,2021-11-12T08:00:00+01:00,FR,224.31
2021-11-12T07:00:00+00:00,2021-11-12T08:00:00+01:00,NL,206.76
2021-11-12T08:00:00+00:00,2021-11-12T09:00:00+01:00,AT,224.94
2021-11-12T08:00:00+00:00,2021-11-12T09:00:00+01:00,BE,200.6
2021-11-12T08:00:00+00:00,2021-11-12T09:00:00+01:00,CH,210.97
2021-11-12T08:00:00+00:00,2021-11-12T09:00:00+01:00,DE-LU,207.67
2021-11-12T08:00:00+00:00,2021-11-12T09:00:00+01:00,FR,216.12
2021-11-12T08:00:00+00:00,2021-11-12T09:00:00+01:00,NL,200.6
2021-11-12T09:00:00+00:00,2021-11-12T10:00:00+01:00,AT,214.97
2021-11-12T09:00:00+00:00,2021-11-12T10:00:00+01:00,BE,182.0
2021-11-12T09:00:00+00:00,2021-11-12T10:00:00+01:00,CH,198.93
2021-11-12T09:00:00+00:00,2021-11-12T10:00:00+01:00,DE-LU,191.61
2021-11-12T09:00:00+00:00,2021-11-12T10:00:00+01:00,FR,204.61
2021-11-12T09:00:00+00:00,2021-11-12T10:00:00+01:00,NL,182.0
2021-11-12T10:00:00+00:00,2021-11-12T11:00:00+01:00,AT,211.97
2021-11-12T10:00:00+00:00,2021-11-12T11:00:00+01:00,BE,166.72
2021-11-12T10:00:00+00:00,2021-11-12T11:00:00+01:00,CH,194.66
2021-11-12T10:00:00+00:00,2021-11-12T11:00:00+01:00,DE-LU,179.94
2021-11-12T10:00:00+00:00,2021-11-12T11:00:00+01:00,FR,196.54
2021-11-12T10:00:00+00:00,2021-11-12T11:00:00+01:00,NL,165.61
2021-11-12T11:00:00+00:00,2021-11-12T12:00:00+01:00,AT,208.97
2021-11-12T11:00:00+00:00,2021-11-12T12:00:00+01:00,BE,155.43
2021-11-12T11:00:00+00:00,2021-11-12T12:00:00+01:00,CH,193.3
2021-11-12T11:00:00+00:00,2021-11-12T12:00:00+01:00,DE-LU,164.69
2021-11-12T11:00:00+00:00,2021-11-12T12:00:00+01:00,FR,191.54
2021-11-12T11:00:00+00:00,2021-11-12T12:00:00+01:00,NL,155.43
2021-11-12T12:00:00+00:00,2021-11-12T13:00:00+01:00,AT,202.0
2021-11-12T12:00:00+00:00,2021-11-12T13:00:00+01:00,BE,146.86
2021-11-12T12:00:00+00:00,2021-11-12T13:00:00+01:00,CH,194.16
2021-11-12T12:00:00+00:00,2021-11-12T13:00:00+01:00,DE-LU,156.81
2021-11-12T12:00:00+00:00,2021-11-12T13:00:00+01:00,FR,185.53
2021-11-12T12:00:00+00:00,2021-11-12T13:00:00+01:00,NL,146.86
2021-11-12T13:00:00+00:00,2021-11-12T14:00:00+01:00,AT,208.2
2021-11-12T13:00:00+00:00,2021-11-12T14:00:00+01:00,BE,142.0
2021-11-12T13:00:00+00:00,2021-11-12T14:00:00+01:00,CH,208.05
2021-11-12T13:00:00+00:00,2021-11-12T14:00:00+01:00,DE-LU,156.55
2021-11-12T13:00:00+00:00,2021-11-12T14:00:00+01:00,FR,184.86
2021-11-12T13:00:00+00:00,2021-11-12T14:00:00+01:00,NL,142.0
2021-11-12T14:00:00+00:00,2021-11-12T15:00:00+01:00,AT,211.91
2021-11-12T14:00:00+00:00,2021-11-12T15:00:00+01:00,BE,160.35
2021-11-12T14:00:00+00:00,2021-11-12T15:00:00+01:00,CH,208.27
2021-11-12T14:00:00+00:00,2021-11-12T15:00:00+01:00,DE-LU,179.99
2021-11-12T14:00:00+00:00,2021-11-12T15:00:00+01:00,FR,181.39
2021-11-12T14:00:00+00:00,2021-11-12T15:00:00+01:00,NL,160.35
2021-11-12T15:00:00+00:00,2021-11-12T16:00:00+01:00,AT,211.91
2021-11-12T15:00:00+00:00,2021-11-12T16:00:00+01:00,BE,166.45
2021-11-12T15:00:00+00:00,2021-11-12T16:00:00+01:00,CH,212.39
2021-11-12T15:00:00+00:00,2021-11-12T16:00:00+01:00,DE-LU,185.09
2021-11-12T15:00:00+00:00,2021-11-12T16:00:00+01:00,FR,185.09
2021-11-12T15:00:00+00:00,2021-11-12T16:00:00+01:00,NL,166.45
2021-11-12T16:00:00+00:00,2021-11-12T17:00:00+01:00,AT,211.2
2021-11-12T16:00:00+00:00,2021-11-12T17:00:00+01:00,BE,211.2
2021-11-12T16:00:00+00:00,2021-11-12T17:00:00+01:00,CH,213.85
2021-11-12T16:00:00+00:00,2021-11-12T17:00:00+01:00,DE-LU,211.2
2021-11-12T16:00:00+00:00,2021-11-12T17:00:00+01:00,FR,211.2
2021-11-12T16:00:00+00:00,2021-11-12T17:00:00+01:00,NL,211.2
2021-11-12T17:00:00+00:00,2021-11-12T18:00:00+01:00,AT,215.0
2021-11-12T17:00:00+00:00,2021-11-12T18:00:00+01:00,BE,207.95
2021-11-12T17:00:00+00:00,2021-11-12T18:00:00+01:00,CH,214.08
2021-11-12T17:00:00+00:00,2021-11-12T18:00:00+01:00,DE-LU,193.23
2021-11-12T17:00:00+00:00,2021-11-12T18:00:00+01:00,FR,215.1
2021-11-12T17:00:00+00:00,2021-11-12T18:00:00+01:00,NL,157.9
2021-11-12T18:00:00+00:00,2021-11-12T19:00:00+01:00,AT,230.06
2021-11-12T18:00:00+00:00,2021-11-12T19:00:00+01:00,BE,145.19
2021-11-12T18:00:00+00:00,2021-11-12T19:00:00+01:00,CH,208.06
2021-11-12T18:00:00+00:00,2021-11-12T19:00:00+01:00,DE-LU,145.19
2021-11-12T18:00:00+00:00,2021-11-12T19:00:00+01:00,FR,205.0
2021-11-12T18:00:00+00:00,2021-11-12T19:00:00+01:00,NL,111.07
2021-11-12T19:00:00+00:00,2021-11-12T20:00:00+01:00,AT,211.93
2021-11-12T19:00:00+00:00,2021-11-12T20:00:00+01:00,BE,150.0
2021-11-12T19:00:00+00:00,2021-11-12T20:00:00+01:00,CH,205.01
2021-11-12T19:00:00+00:00,2021-11-12T20:00:00+01:00,DE-LU,157.11
2021-11-12T19:00:00+00:00,2021-11-12T20:00:00+01:00,FR,185.68
2021-11-12T19:00:00+00:00,2021-11-12T20:00:00+01:00,NL,180.06
2021-11-12T20:00:00+00:00,2021-11-12T21:00:00+01:00,AT,204.57
2021-11-12T20:00:00+00:00,2021-11-12T21:00:00+01:00,BE,168.98
2021-11-12T20:00:00+00:00,2021-11-12T21:00:00+01:00,CH,195.07
2021-11-12T20:00:00+00:00,2021-11-12T21:00:00+01:00,DE-LU,109.11
2021-11-12T20:00:00+00:00,2021-11-12T21:00:00+01:00,FR,179.64
2021-11-12T20:00:00+00:00,2021-11-12T21:00:00+01:00,NL,148.6
2021-11-12T21:00:00+00:00,2021-11-12T22:00:00+01:00,AT,176.15
2021-11-12T21:00:00+00:00,2021-11-12T22:00:00+01:00,BE,159.59
2021-11-12T21:00:00+00:00,2021-11-12T22:00:00+01:00,CH,180.88
2021-11-12T21:00:00+00:00,2021-11-12T22:00:00+01:00,DE-LU,109.54
2021-11-12T21:00:00+00:00,2021-11-12T22:00:00+01:00,FR,169.12
2021-11-12T21:00:00+00:00,2021-11-12T22:00:00+01:00,NL,140.05
2021-11-12T22:00:00+00:00,2021-11-12T23:00:00+01:00,AT,152.09
2021-11-12T22:00:00+00:00,2021-11-12T23:00:00+01:00,BE,134.29
2021-11-12T22:00:00+00:00,2021-11-12T23:00:00+01:00,CH,167.9
2021-11-12T22:00:00+00:00,2021-11-12T23:00:00+01:00,DE-LU,91.42
2021-11-12T22:00:00+00:00,2021-11-12T23:00:00+01:00,FR,165.0
2021-11-12T22:00:00+00:00,2021-11-12T23:00:00+01:00,NL,100.0
2021-11-12T23:00:00+00:00,2021-11-13T00:00:00+01:00,AT,148.07
2021-11-12T23:00:00+00:00,2021-11-13T00:00:00+01:00,BE,182.0
2021-11-12T23:00:00+00:00,2021-11-13T00:00:00+01:00,CH,193.87
2021-11-12T23:00:00+00:00,2021-11-13T00:00:00+01:00,DE-LU,99.0
2021-11-12T23:00:00+00:00,2021-11-13T00:00:00+01:00,FR,187.93
2021-11-12T23:00:00+00:00,2021-11-13T00:00:00+01:00,NL,84.5
2021-11-13T00:00:00+00:00,2021-11-13T01:00:00+01:00,AT,148.08
2021-11-13T00:00:00+00:00,2021-11-13T01:00:00+01:00,BE,178.1
2021-11-13T00:00:00+00:00,2021-11-13T01:00:00+01:00,CH,184.67
2021-11-13T00:00:00+00:00,2021-11-13T01:00:00+01:00,DE-LU,92.65
2021-11-13T00:00:00+00:00,2021-11-13T01:00:00+01:00,FR,181.14
2021-11-13T00:00:00+00:00,2021-11-13T01:00:00+01:00,NL,84.25
2021-11-13T01:00:00+00:00,2021-11-13T02:00:00+01:00,AT,151.01
2021-11-13T01:00:00+00:00,2021-11-13T02:00:00+01:00,BE,125.35
2021-11-13T01:00:00+00:00,2021-11-13T02:00:00+01:00,CH,183.33
2021-11-13T01:00:00+00:00,2021-11-13T02:00:00+01:00,DE-LU,97.0
2021-11-13T01:00:00+00:00,2021-11-13T02:00:00+01:00,FR,173.46
2021-11-13T01:00:00+00:00,2021-11-13T02:00:00+01:00,NL,84.07
2021-11-13T02:00:00+00:00,2021-11-13T03:00:00+01:00,AT,151.0
2021-11-13T02:00:00+00:00,2021-11-13T03:00:00+01:00,BE,115.53
2021-11-13T02:00:00+00:00,2021-11-13T03:00:00+01:00,CH,182.13
2021-11-13T02:00:00+00:00,2021-11-13T03:00:00+01:00,DE-LU,107.02
2021-11-13T02:00:00+00:00,2021-11-13T03:00:00+01:00,FR,127.62
2021-11-13T02:00:00+00:00,2021-11-13T03:00:00+01:00,NL,84.16
2021-11-13T03:00:00+00:00,2021-11-13T04:00:00+01:00,AT,148.83
2021-11-13T03:00:00+00:00,2021-11-13T04:00:00+01:00,BE,113.31
2021-11-13T03:00:00+00:00,2021-11-13T04:00:00+01:00,CH,179.08
2021-11-13T03:00:00+00:00,2021-11-13T04:00:00+01:00,DE-LU,111.6
2021-11-13T03:00:00+00:00,2021-11-13T04:00:00+01:00,FR,113.37
2021-11-13T03:00:00+00:00,2021-11-13T04:00:00+01:00,NL,113.4
2021-11-13T04:00:00+00:00,2021-11-13T05:00:00+01:00,AT,151.07
2021-11-13T04:00:00+00:00,2021-11-13T05:00:00+01:00,BE,101.79
2021-11-13T04:00:00+00:00,2021-11-13T05:00:00+01:00,CH,180.89
2021-11-13T04:00:00+00:00,2021-11-13T05:00:00+01:00,DE-LU,99.36
2021-11-13T04:00:00+00:00,2021-11-13T05:00:00+01:00,FR,101.97
2021-11-13T04:00:00+00:00,2021-11-13T05:00:00+01:00,NL,102.0
2021-11-13T05:00:00+00:00,2021-11-13T06:00:00+01:00,AT,149.67
2021-11-13T05:00:00+00:00,2021-11-13T06:00:00+01:00,BE,136.45
2021-11-13T05:00:00+00:00,2021-11-13T06:00:00+01:00,CH,189.89
2021-11-13T05:00:00+00:00,2021-11-13T06:00:00+01:00,DE-LU,123.64
2021-11-13T05:00:00+00:00,2021-11-13T06:00:00+01:00,FR,140.08
2021-11-13T05:00:00+00:00,2021-11-13T06:00:00+01:00,NL,131.91
2021-11-13T06:00:00+00:00,2021-11-13T07:00:00+01:00,AT,155.31
2021-11-13T06:00:00+00:00,2021-11-13T07:00:00+01:00,BE,155.31
2021-11-13T06:00:00+00:00,2021-11-13T07:00:00+01:00,CH,193.64
2021-11-13T06:00:00+00:00,2021-11-13T07:00:00+01:00,DE-LU,155.31
2021-11-13T06:00:00+00:00,2021-11-13T07:00:00+01:00,FR,155.31
2021-11-13T06:00:00+00:00,2021-11-13T07:00:00+01:00,NL,155.31
2021-11-13T07:00:00+00:00,2021-11-13T08:00:00+01:00,AT,151.2
2021-11-13T07:00:00+00:00,2021-11-13T08:00:00+01:00,BE,151.2
2021-11-13T07:00:00+00:00,2021-11-13T08:00:00+01:00,CH,196.62
2021-11-13T07:00:00+00:00,2021-11-13T08:00:00+01:00,DE-LU,151.2
2021-11-13T07:00:00+00:00,2021-11-13T08:00:00+01:00,FR,151.2
2021-11-13T07:00:00+00:00,2021-11-13T08:00:00+01:00,NL,151.2
2021-11-13T08:00:00+00:00,2021-11-13T09:00:00+01:00,AT,161.75
2021-11-13T08:00:00+00:00,2021-11-13T09:00:00+01:00,BE,161.75
2021-11-13T08:00:00+00:00,2021-11-13T09:00:00+01:00,CH,198.03
2021-11-13T08:00:00+00:00,2021-11-13T09:00:00+01:00,DE-LU,161.75
2021-11-13T08:00:00+00:00,2021-11-13T09:00:00+01:00,FR,161.75
2021-11-13T08:00:00+00:00,2021-11-13T09:00:00+01:00,NL,161.75
2021-11-13T09:00:00+00:00,2021-11-13T10:00:00+01:00,AT,173.89
2021-11-13T09:00:00+00:00,2021-11-13T10:00:00+01:00,BE,173.89
2021-11-13T09:00:00+00:00,2021-11-13T10:00:00+01:00,CH,195.51
2021-11-13T09:00:00+00:00,2021-11-13T10:00:00+01:00,DE-LU,173.89
2021-11-13T09:00:00+00:00,2021-11-13T10:00:00+01:00,FR,173.89
2021-11-13T09:00:00+00:00,2021-11-13T10:00:00+01:00,NL,173.89
2021-11-13T10:00:00+00:00,2021-11-13T11:00:00+01:00,AT,177.47
2021-11-13T10:00:00+00:00,2021-11-13T11:00:00+01:00,BE,177.47
2021-11-13T10:00:00+00:00,2021-11-13T11:00:00+01:00,CH,190.16
2021-11-13T10:00:00+00:00,2021-11-13T11:00:00+01:00,DE-LU,177.47
2021-11-13T10:00:00+00:00,2021-11-13T11:00:00+01:00,FR,177.47
2021-11-13T10:00:00+00:00,2021-11-13T11:00:00+01:00,NL,177.47
2021-11-13T11:00:00+00:00,2021-11-13T12:00:00+01:00,AT,177.5
2021-11-13T11:00:00+00:00,2021-11-13T12:00:00+01:00,BE,177.5
2021-11-13T11:00:00+00:00,2021-11-13T12:00:00+01:00,CH,184.58
2021-11-13T11:00:00+00:00,2021-11-13T12:00:00+01:00,DE-LU,177.5
2021-11-13T11:00:00+00:00,2021-11-13T12:00:00+01:00,FR,177.5
2021-11-13T11:00:00+00:00,2021-11-13T12:00:00+01:00,NL,177.5
2021-11-13T12:00:00+00:00,2021-11-13T13:00:00+01:00,AT,176.52
2021-11-13T12:00:00+00:00,2021-11-13T13:00:00+01:00,BE,176.52
2021-11-13T12:00:00+00:00,2021-11-13T13:00:00+01:00,CH,182.87
2021-11-13T12:00:00+00:00,2021-11-13T13:00:00+01:00,DE-LU,176.52
2021-11-13T12:00:00+00:00,2021-11-13T13:00:00+01:00,FR,176.52
2021-11-13T12:00:00+00:00,2021-11-13T13:00:00+01:00,NL,176.52
2021-11-13T13:00:00+00:00,2021-11-13T14:00:00+01:00,AT,176.52
2021-11-13T13:00:00+00:00,2021-11-13T14:00:00+01:00,BE,176.52
2021-11-13T13:00:00+00:00,2021-11-13T14:00:00+01:00,CH,183.16
2021-11-13T13:00:00+00:00,2021-11-13T14:00:00+01:00,DE-LU,176.52
2021-11-13T13:00:00+00:00,2021-11-13T14:00:00+01:00,FR,176.52
2021-11-13T13:00:00+00:00,2021-11-13T14:00:00+01:00,NL,176.52
2021-11-13T14:00:00+00:00,2021-11-13T15:00:00+01:00,AT,176.52
2021-11-13T14:00:00+00:00,2021-11-13T15:00:00+01:00,BE,176.52
2021-11-13T14:00:00+00:00,2021-11-13T15:00:00+01:00,CH,187.62
2021-11-13T14:00:00+00:00,2021-11-13T15:00:00+01:00,DE-LU,176.52
2021-11-13T14:00:00+00:00,2021-11-13T15:00:00+01:00,FR,176.52
2021-11-13T14:00:00+00:00,2021-11-13T15:00:00+01:00,NL,176.52
2021-11-13T15:00:00+00:00,2021-11-13T16:00:00+01:00,AT,180.6
2021-11-13T15:00:00+00:00,2021-11-13T16:00:00+01:00,BE,180.6
2021-11-13T15:00:00+00:00,2021-11-13T16:00:00+01:00,CH,199.92
2021-11-13T15:00:00+00:00,2021-11-13T16:00:00+01:00,DE-LU,180.6
2021-11-13T15:00:00+00:00,2021-11-13T16:00:00+01:00,FR,180.6
2021-11-13T15:00:00+00:00,2021-11-13T16:00:00+01:00,NL,180.6
2021-11-13T16:00:00+00:00,2021-11-13T17:00:00+01:00,AT,210.0
2021-11-13T16:00:00+00:00,2021-11-13T17:00:00+01:00,BE,210.0
2021-11-13T16:00:00+00:00,2021-11-13T17:00:00+01:00,CH,216.01
2021-11-13T16:00:00+00:00,2021-11-13T17:00:00+01:00,DE-LU,210.0
2021-11-13T16:00:00+00:00,2021-11-13T17:00:00+01:00,FR,210.0
2021-11-13T16:00:00+00:00,2021-11-13T17:00:00+01:00,NL,210.0
2021-11-13T17:00:00+00:00,2021-11-13T18:00:00+01:00,AT,220.0
2021-11-13T17:00:00+00:00,2021-11-13T18:00:00+01:00,BE,220.0
2021-11-13T17:00:00+00:00,2021-11-13T18:00:00+01:00,CH,222.64
2021-11-13T17:00:00+00:00,2021-11-13T18:00:00+01:00,DE-LU,220.0
2021-11-13T17:00:00+00:00,2021-11-13T18:00:00+01:00,FR,220.0
2021-11-13T17:00:00+00:00,2021-11-13T18:00:00+01:00,NL,220.0
2021-11-13T18:00:00+00:00,2021-11-13T19:00:00+01:00,AT,213.91
2021-11-13T18:00:00+00:00,2021-11-13T19:00:00+01:00,BE,213.93
2021-11-13T18:00:00+00:00,2021-11-13T19:00:00+01:00,CH,217.59
2021-11-13T18:00:00+00:00,2021-11-13T19:00:00+01:00,DE-LU,213.89
2021-11-13T18:00:00+00:00,2021-11-13T19:00:00+01:00,FR,214.0
2021-11-13T18:00:00+00:00,2021-11-13T19:00:00+01:00,NL,213.75
2021-11-13T19:00:00+00:00,2021-11-13T20:00:00+01:00,AT,186.83
2021-11-13T19:00:00+00:00,2021-11-13T20:00:00+01:00,BE,184.96
2021-11-13T19:00:00+00:00,2021-11-13T20:00:00+01:00,CH,210.07
2021-11-13T19:00:00+00:00,2021-11-13T20:00:00+01:00,DE-LU,184.0
2021-11-13T19:00:00+00:00,2021-11-13T20:00:00+01:00,FR,186.83
2021-11-13T19:00:00+00:00,2021-11-13T20:00:00+01:00,NL,180.1
2021-11-13T20:00:00+00:00,2021-11-13T21:00:00+01:00,AT,169.08
2021-11-13T20:00:00+00:00,2021-11-13T21:00:00+01:00,BE,169.49
2021-11-13T20:00:00+00:00,2021-11-13T21:00:00+01:00,CH,187.8
2021-11-13T20:00:00+00:00,2021-11-13T21:00:00+01:00,DE-LU,168.49
2021-11-13T20:00:00+00:00,2021-11-13T21:00:00+01:00,FR,171.12
2021-11-13T20:00:00+00:00,2021-11-13T21:00:00+01:00,NL,164.83
2021-11-13T21:00:00+00:00,2021-11-13T22:00:00+01:00,AT,174.35
2021-11-13T21:00:00+00:00,2021-11-13T22:00:00+01:00,BE,170.75
2021-11-13T21:00:00+00:00,2021-11-13T22:00:00+01:00,CH,182.94
2021-11-13T21:00:00+00:00,2021-11-13T22:00:00+01:00,DE-LU,168.82
2021-11-13T21:00:00+00:00,2021-11-13T22:00:00+01:00,FR,174.35
2021-11-13T21:00:00+00:00,2021-11-13T22:00:00+01:00,NL,161.43
2021-11-13T22:00:00+00:00,2021-11-13T23:00:00+01:00,AT,164.47
2021-11-13T22:00:00+00:00,2021-11-13T23:00:00+01:00,BE,165.77
2021-11-13T22:00:00+00:00,2021-11-13T23:00:00+01:00,CH,177.74
2021-11-13T22:00:00+00:00,2021-11-13T23:00:00+01:00,DE-LU,162.79
2021-11-13T22:00:00+00:00,2021-11-13T23:00:00+01:00,FR,171.14
2021-11-13T22:00:00+00:00,2021-11-13T23:00:00+01:00,NL,151.4
2021-11-13T23:00:00+00:00,2021-11-14T00:00:00+01:00,AT,184.73
2021-11-13T23:00:00+00:00,2021-11-14T00:00:00+01:00,BE,184.73
2021-11-13T23:00:00+00:00,2021-11-14T00:00:00+01:00,CH,180.14
2021-11-13T23:00:00+00:00,2021-11-14T00:00:00+01:00,DE-LU,184.73
2021-11-13T23:00:00+00:00,2021-11-14T00:00:00+01:00,FR,184.73
2021-11-13T23:00:00+00:00,2021-11-14T00:00:00+01:00,NL,184.73
2021-11-14T00:00:00+00:00,2021-11-14T01:00:00+01:00,AT,170.03
2021-11-14T00:00:00+00:00,2021-11-14T01:00:00+01:00,BE,170.03
2021-11-14T00:00:00+00:00,2021-11-14T01:00:00+01:00,CH,170.4
2021-11-14T00:00:00+00:00,2021-11-14T01:00:00+01:00,DE-LU,170.03
2021-11-14T00:00:00+00:00,2021-11-14T01:00:00+01:00,FR,170.03
2021-11-14T00:00:00+00:00,2021-11-14T01:00:00+01:00,NL,170.03
2021-11-14T01:00:00+00:00,2021-11-14T02:00:00+01:00,AT,167.24
2021-11-14T01:00:00+00:00,2021-11-14T02:00:00+01:00,BE,167.24
2021-11-14T01:00:00+00:00,2021-11-14T02:00:00+01:00,CH,167.51
2021-11-14T01:00:00+00:00,2021-11-14T02:00:00+01:00,DE-LU,167.24
2021-11-14T01:00:00+00:00,2021-11-14T02:00:00+01:00,FR,167.24
2021-11-14T01:00:00+00:00,2021-11-14T02:00:00+01:00,NL,167.24
2021-11-14T02:00:00+00:00,2021-11-14T03:00:00+01:00,AT,156.97
2021-11-14T02:00:00+00:00,2021-11-14T03:00:00+01:00,BE,155.7
2021-11-14T02:00:00+00:00,2021-11-14T03:00:00+01:00,CH,162.39
2021-11-14T02:00:00+00:00,2021-11-14T03:00:00+01:00,DE-LU,155.51
2021-11-14T02:00:00+00:00,2021-11-14T03:00:00+01:00,FR,155.81
2021-11-14T02:00:00+00:00,2021-11-14T03:00:00+01:00,NL,155.63
2021-11-14T03:00:00+00:00,2021-11-14T04:00:00+01:00,AT,156.97
2021-11-14T03:00:00+00:00,2021-11-14T04:00:00+01:00,BE,146.06
2021-11-14T03:00:00+00:00,2021-11-14T04:00:00+01:00,CH,161.74
2021-11-14T03:00:00+00:00,2021-11-14T04:00:00+01:00,DE-LU,144.22
2021-11-14T03:00:00+00:00,2021-11-14T04:00:00+01:00,FR,146.88
2021-11-14T03:00:00+00:00,2021-11-14T04:00:00+01:00,NL,145.1
2021-11-14T04:00:00+00:00,2021-11-14T05:00:00+01:00,AT,158.56
2021-11-14T04:00:00+00:00,2021-11-14T05:00:00+01:00,BE,142.05
2021-11-14T04:00:00+00:00,2021-11-14T05:00:00+01:00,CH,162.87
2021-11-14T04:00:00+00:00,2021-11-14T05:00:00+01:00,DE-LU,141.35
2021-11-14T04:00:00+00:00,2021-11-14T05:00:00+01:00,FR,145.0
2021-11-14T04:00:00+00:00,2021-11-14T05:00:00+01:00,NL,141.35
2021-11-14T05:00:00+00:00,2021-11-14T06:00:00+01:00,AT,168.53
2021-11-14T05:00:00+00:00,2021-11-14T06:00:00+01:00,BE,155.41
2021-11-14T05:00:00+00:00,2021-11-14T06:00:00+01:00,CH,169.74
2021-11-14T05:00:00+00:00,2021-11-14T06:00:00+01:00,DE-LU,117.2
2021-11-14T05:00:00+00:00,2021-11-14T06:00:00+01:00,FR,155.41
2021-11-14T05:00:00+00:00,2021-11-14T06:00:00+01:00,NL,195.0
2021-11-14T06:00:00+00:00,2021-11-14T07:00:00+01:00,AT,164.93
2021-11-14T06:00:00+00:00,2021-11-14T07:00:00+01:00,BE,167.67
2021-11-14T06:00:00+00:00,2021-11-14T07:00:00+01:00,CH,174.83
2021-11-14T06:00:00+00:00,2021-11-14T07:00:00+01:00,DE-LU,159.92
2021-11-14T06:00:00+00:00,2021-11-14T07:00:00+01:00,FR,164.93
2021-11-14T06:00:00+00:00,2021-11-14T07:00:00+01:00,NL,176.87
2021-11-14T07:00:00+00:00,2021-11-14T08:00:00+01:00,AT,170.04
2021-11-14T07:00:00+00:00,2021-11-14T08:00:00+01:00,BE,160.54
2021-11-14T07:00:00+00:00,2021-11-14T08:00:00+01:00,CH,180.08
2021-11-14T07:00:00+00:00,2021-11-14T08:00:00+01:00,DE-LU,159.04
2021-11-14T07:00:00+00:00,2021-11-14T08:00:00+01:00,FR,160.54
2021-11-14T07:00:00+00:00,2021-11-14T08:00:00+01:00,NL,160.54
2021-11-14T08:00:00+00:00,2021-11-14T09:00:00+01:00,AT,170.07
2021-11-14T08:00:00+00:00,2021-11-14T09:00:00+01:00,BE,170.07
2021-11-14T08:00:00+00:00,2021-11-14T09:00:00+01:00,CH,180.57
2021-11-14T08:00:00+00:00,2021-11-14T09:00:00+01:00,DE-LU,170.07
2021-11-14T08:00:00+00:00,2021-11-14T09:00:00+01:00,FR,170.07
2021-11-14T08:00:00+00:00,2021-11-14T09:00:00+01:00,NL,170.07
2021-11-14T09:00:00+00:00,2021-11-14T10:00:00+01:00,AT,177.2
2021-11-14T09:00:00+00:00,2021-11-14T10:00:00+01:00,BE,177.2
2021-11-14T09:00:00+00:00,2021-11-14T10:00:00+01:00,CH,182.56
2021-11-14T09:00:00+00:00,2021-11-14T10:00:00+01:00,DE-LU,177.2
2021-11-14T09:00:00+00:00,2021-11-14T10:00:00+01:00,FR,177.2
2021-11-14T09:00:00+00:00,2021-11-14T10:00:00+01:00,NL,177.2
2021-11-14T10:00:00+00:00,2021-11-14T11:00:00+01:00,AT,178.93
2021-11-14T10:00:00+00:00,2021-11-14T11:00:00+01:00,BE,178.93
2021-11-14T10:00:00+00:00,2021-11-14T11:00:00+01:00,CH,182.18
2021-11-14T10:00:00+00:00,2021-11-14T11:00:00+01:00,DE-LU,178.93
2021-11-14T10:00:00+00:00,2021-11-14T11:00:00+01:00,FR,178.93
2021-11-14T10:00:00+00:00,2021-11-14T11:00:00+01:00,NL,178.93
2021-11-14T11:00:00+00:00,2021-11-14T12:00:00+01:00,AT,184.58
2021-11-14T11:00:00+00:00,2021-11-14T12:00:00+01:00,BE,184.58
2021-11-14T11:00:00+00:00,2021-11-14T12:00:00+01:00,CH,179.63
2021-11-14T11:00:00+00:00,2021-11-14T12:00:00+01:00,DE-LU,184.58
2021-11-14T11:00:00+00:00,2021-11-14T12:00:00+01:00,FR,184.58
2021-11-14T11:00:00+00:00,2021-11-14T12:00:00+01:00,NL,184.58
2021-11-14T12:00:00+00:00,2021-11-14T13:00:00+01:00,AT,170.02
2021-11-14T12:00:00+00:00,2021-11-14T13:00:00+01:00,BE,170.02
2021-11-14T12:00:00+00:00,2021-11-14T13:00:00+01:00,CH,176.13
2021-11-14T12:00:00+00:00,2021-11-14T13:00:00+01:00,DE-LU,170.02
2021-11-14T12:00:00+00:00,2021-11-14T13:00:00+01:00,FR,170.02
2021-11-14T12:00:00+00:00,2021-11-14T13:00:00+01:00,NL,170.02
2021-11-14T13:00:00+00:00,2021-11-14T14:00:00+01:00,AT,170.0
2021-11-14T13:00:00+00:00,2021-11-14T14:00:00+01:00,BE,158.0
2021-11-14T13:00:00+00:00,2021-11-14T14:00:00+01:00,CH,179.12
2021-11-14T13:00:00+00:00,2021-11-14T14:00:00+01:00,DE-LU,156.12
2021-11-14T13:00:00+00:00,2021-11-14T14:00:00+01:00,FR,158.0
2021-11-14T13:00:00+00:00,2021-11-14T14:00:00+01:00,NL,158.0
2021-11-14T14:00:00+00:00,2021-11-14T15:00:00+01:00,AT,160.0
2021-11-14T14:00:00+00:00,2021-11-14T15:00:00+01:00,BE,160.0
2021-11-14T14:00:00+00:00,2021-11-14T15:00:00+01:00,CH,183.91
2021-11-14T14:00:00+00:00,2021-11-14T15:00:00+01:00,DE-LU,160.0
2021-11-14T14:00:00+00:00,2021-11-14T15:00:00+01:00,FR,160.0
2021-11-14T14:00:00+00:00,2021-11-14T15:00:00+01:00,NL,160.0
2021-11-14T15:00:00+00:00,2021-11-14T16:00:00+01:00,AT,170.0
2021-11-14T15:00:00+00:00,2021-11-14T16:00:00+01:00,BE,166.66
2021-11-14T15:00:00+00:00,2021-11-14T16:00:00+01:00,CH,190.0
2021-11-14T15:00:00+00:00,2021-11-14T16:00:00+01:00,DE-LU,166.68
2021-11-14T15:00:00+00:00,2021-11-14T16:00:00+01:00,FR,166.8
2021-11-14T15:00:00+00:00,2021-11-14T16:00:00+01:00,NL,166.6
2021-11-14T16:00:00+00:00,2021-11-14T17:00:00+01:00,AT,197.94
2021-11-14T16:00:00+00:00,2021-11-14T17:00:00+01:00,BE,197.94
2021-11-14T16:00:00+00:00,2021-11-14T17:00:00+01:00,CH,201.87
2021-11-14T16:00:00+00:00,2021-11-14T17:00:00+01:00,DE-LU,197.94
2021-11-14T16:00:00+00:00,2021-11-14T17:00:00+01:00,FR,197.94
2021-11-14T16:00:00+00:00,2021-11-14T17:00:00+01:00,NL,197.94
2021-11-14T17:00:00+00:00,2021-11-14T18:00:00+01:00,AT,204.47
2021-11-14T17:00:00+00:00,2021-11-14T18:00:00+01:00,BE,204.47
2021-11-14T17:00:00+00:00,2021-11-14T18:00:00+01:00,CH,200.06
2021-11-14T17:00:00+00:00,2021-11-14T18:00:00+01:00,DE-LU,204.47
2021-11-14T17:00:00+00:00,2021-11-14T18:00:00+01:00,FR,204.47
2021-11-14T17:00:00+00:00,2021-11-14T18:00:00+01:00,NL,204.47
2021-11-14T18:00:00+00:00,2021-11-14T19:00:00+01:00,AT,206.21
2021-11-14T18:00:00+00:00,2021-11-14T19:00:00+01:00,BE,206.21
2021-11-14T18:00:00+00:00,2021-11-14T19:00:00+01:00,CH,201.55
2021-11-14T18:00:00+00:00,2021-11-14T19:00:00+01:00,DE-LU,206.21
2021-11-14T18:00:00+00:00,2021-11-14T19:00:00+01:00,FR,206.21
2021-11-14T18:00:00+00:00,2021-11-14T19:00:00+01:00,NL,206.21
2021-11-14T19:00:00+00:00,2021-11-14T20:00:00+01:00,AT,191.53
2021-11-14T19:00:00+00:00,2021-11-14T20:00:00+01:00,BE,196.52
2021-11-14T19:00:00+00:00,2021-11-14T20:00:00+01:00,CH,191.27
2021-11-14T19:00:00+00:00,2021-11-14T20:00:00+01:00,DE-LU,190.61
2021-11-14T19:00:00+00:00,2021-11-14T20:00:00+01:00,FR,194.08
2021-11-14T19:00:00+00:00,2021-11-14T20:00:00+01:00,NL,195.0
2021-11-14T20:00:00+00:00,2021-11-14T21:00:00+01:00,AT,170.05
2021-11-14T20:00:00+00:00,2021-11-14T21:00:00+01:00,BE,179.34
2021-11-14T20:00:00+00:00,2021-11-14T21:00:00+01:00,CH,179.8
2021-11-14T20:00:00+00:00,2021-11-14T21:00:00+01:00,DE-LU,168.68
2021-11-14T20:00:00+00:00,2021-11-14T21:00:00+01:00,FR,175.26
2021-11-14T20:00:00+00:00,2021-11-14T21:00:00+01:00,NL,167.61
2021-11-14T21:00:00+00:00,2021-11-14T22:00:00+01:00,AT,173.18
2021-11-14T21:00:00+00:00,2021-11-14T22:00:00+01:00,BE,173.18
2021-11-14T21:00:00+00:00,2021-11-14T22:00:00+01:00,CH,177.26
2021-11-14T21:00:00+00:00,2021-11-14T22:00:00+01:00,DE-LU,173.18
2021-11-14T21:00:00+00:00,2021-11-14T22:00:00+01:00,FR,173.18
2021-11-14T21:00:00+00:00,2021-11-14T22:00:00+01:00,NL,173.18
2021-11-14T22:00:00+00:00,2021-11-14T23:00:00+01:00,AT,162.0
2021-11-14T22:00:00+00:00,2021-11-14T23:00:00+01:00,BE,163.73
2021-11-14T22:00:00+00:00,2021-11-14T23:00:00+01:00,CH,172.2
2021-11-14T22:00:00+00:00,2021-11-14T23:00:00+01:00,DE-LU,159.16
2021-11-14T22:00:00+00:00,2021-11-14T23:00:00+01:00,FR,162.0
2021-11-14T22:00:00+00:00,2021-11-14T23:00:00+01:00,NL,158.5
