debs_symbol,yahoo_ticker,exchange,status
120470.ETR,120470.DE,ETR,isin_not_found
120071.ETR,120071.DE,ETR,isin_not_found
2MX.FR,2MX.PA,FR,isin_not_found
2MXBS.FR,2MXBS.PA,FR,isin_not_found
3BAC.NL,3BAC.AS,NL,isin_not_found
357818.ETR,357818.DE,ETR,isin_not_found
3HSB.NL,3HSB.AS,NL,isin_not_found
3RDS.NL,3RDS.AS,NL,isin_not_found
3VOD.NL,3VOD.AS,NL,isin_not_found
500800.ETR,500800.DE,ETR,isin_not_found
502665.ETR,502665.DE,ETR,isin_not_found
513700.ETR,513700.DE,ETR,isin_not_found
516810.ETR,516810.DE,ETR,isin_not_found
519003.ETR,519003.DE,ETR,isin_not_found
522090.ETR,522090.DE,ETR,isin_not_found
522723.ETR,522723.DE,ETR,isin_not_found
522720.ETR,522720.DE,ETR,isin_not_found
529498.ETR,529498.DE,ETR,isin_not_found
540811.ETR,540811.DE,ETR,isin_not_found
540888.ETR,540888.DE,ETR,isin_not_found
541561.ETR,541561.DE,ETR,isin_not_found
549227.ETR,549227.DE,ETR,isin_not_found
547930.ETR,547930.DE,ETR,isin_not_found
549416.ETR,549416.DE,ETR,isin_not_found
553860.ETR,553860.DE,ETR,isin_not_found
565493.ETR,565493.DE,ETR,isin_not_found
575198.ETR,575198.DE,ETR,isin_not_found
585969.ETR,585969.DE,ETR,isin_not_found
593700.ETR,593700.DE,ETR,no_data
593703.ETR,593703.DE,ETR,no_data
604611.ETR,604611.DE,ETR,isin_not_found
609500.ETR,609500.DE,ETR,isin_not_found
620458.ETR,620458.DE,ETR,isin_not_found
620440.ETR,620440.DE,ETR,isin_not_found
645932.ETR,645932.DE,ETR,isin_not_found
660500.ETR,660500.DE,ETR,isin_not_found
663200.ETR,663200.DE,ETR,isin_not_found
665610.ETR,665610.DE,ETR,isin_not_found
692650.ETR,692650.DE,ETR,isin_not_found
696780.ETR,696780.DE,ETR,isin_not_found
725753.ETR,725753.DE,ETR,isin_not_found
761210.ETR,761210.DE,ETR,isin_not_found
757142.ETR,757142.DE,ETR,isin_not_found
804100.ETR,804100.DE,ETR,isin_not_found
851781.ETR,851781.DE,ETR,isin_not_found
852789.ETR,852789.DE,ETR,isin_not_found
853265.ETR,853265.DE,ETR,isin_not_found
856244.ETR,856244.DE,ETR,isin_not_found
870450.ETR,870450.DE,ETR,isin_not_found
873131.ETR,873131.DE,ETR,isin_not_found
880135.ETR,880135.DE,ETR,isin_not_found
878613.ETR,878613.DE,ETR,isin_not_found
879100.ETR,879100.DE,ETR,isin_not_found
881646.ETR,881646.DE,ETR,isin_not_found
884304.ETR,884304.DE,ETR,isin_not_found
891466.ETR,891466.DE,ETR,no_data
901492.ETR,901492.DE,ETR,isin_not_found
898407.ETR,898407.DE,ETR,isin_not_found
903276.ETR,903276.DE,ETR,isin_not_found
902388.ETR,902388.DE,ETR,isin_not_found
923889.ETR,923889.DE,ETR,isin_not_found
928193.ETR,928193.DE,ETR,isin_not_found
940561.ETR,940561.DE,ETR,isin_not_found
A0B5Z8.ETR,A0B5Z8.DE,ETR,isin_not_found
A0B65S.ETR,A0B65S.DE,ETR,isin_not_found
A0B6VB.ETR,A0B6VB.DE,ETR,isin_not_found
A0B9VV.ETR,A0B9VV.DE,ETR,isin_not_found
A0D94M.ETR,A0D94M.DE,ETR,isin_not_found
A0ET46.ETR,A0ET46.DE,ETR,isin_not_found
A0ER6S.ETR,A0ER6S.DE,ETR,isin_not_found
A0EQ57.ETR,A0EQ57.DE,ETR,isin_not_found
A0F5CC.ETR,A0F5CC.DE,ETR,isin_not_found
A0F5UQ.ETR,A0F5UQ.DE,ETR,isin_not_found
A0HG6A.ETR,A0HG6A.DE,ETR,isin_not_found
A0G9JK.ETR,A0G9JK.DE,ETR,isin_not_found
A0HGWX.ETR,A0HGWX.DE,ETR,isin_not_found
A0JC0V.ETR,A0JC0V.DE,ETR,isin_not_found
A0JCY1.ETR,A0JCY1.DE,ETR,isin_not_found
A0JC8S.ETR,A0JC8S.DE,ETR,isin_not_found
A0JKWU.ETR,A0JKWU.DE,ETR,isin_not_found
A0JL2Y.ETR,A0JL2Y.DE,ETR,isin_not_found
A0JMQL.ETR,A0JMQL.DE,ETR,isin_not_found
A0JLZ7.ETR,A0JLZ7.DE,ETR,isin_not_found
A0JNE2.ETR,A0JNE2.DE,ETR,isin_not_found
A0KEXC.ETR,A0KEXC.DE,ETR,isin_not_found
A0KEQF.ETR,A0KEQF.DE,ETR,isin_not_found
A0KFKB.ETR,A0KFKB.DE,ETR,isin_not_found
A0L1NN.ETR,A0L1NN.DE,ETR,isin_not_found
A0KFRJ.ETR,A0KFRJ.DE,ETR,isin_not_found
A0KFUJ.ETR,A0KFUJ.DE,ETR,isin_not_found
A0LD2U.ETR,A0LD2U.DE,ETR,isin_not_found
A0LCTL.ETR,A0LCTL.DE,ETR,isin_not_found
A0LBCR.ETR,A0LBCR.DE,ETR,isin_not_found
A0LGD8.ETR,A0LGD8.DE,ETR,isin_not_found
A0M1W6.ETR,A0M1W6.DE,ETR,isin_not_found
A0M530.ETR,A0M530.DE,ETR,isin_not_found
A0MEK9.ETR,A0MEK9.DE,ETR,isin_not_found
A0M9BA.ETR,A0M9BA.DE,ETR,isin_not_found
A0MEKV.ETR,A0MEKV.DE,ETR,isin_not_found
A0MEKW.ETR,A0MEKW.DE,ETR,isin_not_found
A0MELK.ETR,A0MELK.DE,ETR,isin_not_found
A0MEP1.ETR,A0MEP1.DE,ETR,isin_not_found
A0MEKX.ETR,A0MEKX.DE,ETR,isin_not_found
A0MEP0.ETR,A0MEP0.DE,ETR,isin_not_found
A0MEKY.ETR,A0MEKY.DE,ETR,isin_not_found
A0MEKZ.ETR,A0MEKZ.DE,ETR,isin_not_found
A0MEP4.ETR,A0MEP4.DE,ETR,isin_not_found
A0MEP8.ETR,A0MEP8.DE,ETR,isin_not_found
A0MEP5.ETR,A0MEP5.DE,ETR,isin_not_found
A0MEP9.ETR,A0MEP9.DE,ETR,isin_not_found
A0MEP2.ETR,A0MEP2.DE,ETR,isin_not_found
A0MEP3.ETR,A0MEP3.DE,ETR,isin_not_found
A0MEP6.ETR,A0MEP6.DE,ETR,isin_not_found
A0MEPL.ETR,A0MEPL.DE,ETR,isin_not_found
A0MEPQ.ETR,A0MEPQ.DE,ETR,isin_not_found
A0MEPP.ETR,A0MEPP.DE,ETR,isin_not_found
A0MEPM.ETR,A0MEPM.DE,ETR,isin_not_found
A0MEPN.ETR,A0MEPN.DE,ETR,isin_not_found
A0MEPR.ETR,A0MEPR.DE,ETR,isin_not_found
A0MEPV.ETR,A0MEPV.DE,ETR,isin_not_found
A0MEPX.ETR,A0MEPX.DE,ETR,isin_not_found
A0MEPW.ETR,A0MEPW.DE,ETR,isin_not_found
A0MEPY.ETR,A0MEPY.DE,ETR,isin_not_found
A0MEPS.ETR,A0MEPS.DE,ETR,isin_not_found
A0MEPT.ETR,A0MEPT.DE,ETR,isin_not_found
A0MEPU.ETR,A0MEPU.DE,ETR,isin_not_found
A0MEQB.ETR,A0MEQB.DE,ETR,isin_not_found
A0MEQE.ETR,A0MEQE.DE,ETR,isin_not_found
A0MEQP.ETR,A0MEQP.DE,ETR,isin_not_found
A0MEQC.ETR,A0MEQC.DE,ETR,isin_not_found
A0MEQQ.ETR,A0MEQQ.DE,ETR,isin_not_found
A0MEQA.ETR,A0MEQA.DE,ETR,isin_not_found
A0MEPZ.ETR,A0MEPZ.DE,ETR,isin_not_found
A0MEQR.ETR,A0MEQR.DE,ETR,isin_not_found
A0MEX2.ETR,A0MEX2.DE,ETR,isin_not_found
A0MEX0.ETR,A0MEX0.DE,ETR,isin_not_found
A0MEQW.ETR,A0MEQW.DE,ETR,isin_not_found
A0MEX3.ETR,A0MEX3.DE,ETR,isin_not_found
A0MEX1.ETR,A0MEX1.DE,ETR,isin_not_found
A0MEQV.ETR,A0MEQV.DE,ETR,isin_not_found
A0MEQS.ETR,A0MEQS.DE,ETR,isin_not_found
A0MEX6.ETR,A0MEX6.DE,ETR,isin_not_found
A0MEX8.ETR,A0MEX8.DE,ETR,isin_not_found
A0MEX9.ETR,A0MEX9.DE,ETR,isin_not_found
A0MEX7.ETR,A0MEX7.DE,ETR,isin_not_found
A0MEXM.ETR,A0MEXM.DE,ETR,isin_not_found
A0MEX5.ETR,A0MEX5.DE,ETR,isin_not_found
A0MEX4.ETR,A0MEX4.DE,ETR,isin_not_found
A0MEXR.ETR,A0MEXR.DE,ETR,isin_not_found
A0MEXS.ETR,A0MEXS.DE,ETR,isin_not_found
A0MEXT.ETR,A0MEXT.DE,ETR,isin_not_found
A0MEXU.ETR,A0MEXU.DE,ETR,isin_not_found
A0MEXN.ETR,A0MEXN.DE,ETR,isin_not_found
A0MEXP.ETR,A0MEXP.DE,ETR,isin_not_found
A0MEXQ.ETR,A0MEXQ.DE,ETR,isin_not_found
A0MEXV.ETR,A0MEXV.DE,ETR,isin_not_found
A0MEYA.ETR,A0MEYA.DE,ETR,isin_not_found
A0MEXZ.ETR,A0MEXZ.DE,ETR,isin_not_found
A0MEYB.ETR,A0MEYB.DE,ETR,isin_not_found
A0MEXY.ETR,A0MEXY.DE,ETR,isin_not_found
A0MEXW.ETR,A0MEXW.DE,ETR,isin_not_found
A0MEXX.ETR,A0MEXX.DE,ETR,isin_not_found
A0MEYG.ETR,A0MEYG.DE,ETR,isin_not_found
A0MEYD.ETR,A0MEYD.DE,ETR,isin_not_found
A0MEYH.ETR,A0MEYH.DE,ETR,isin_not_found
A0MEYE.ETR,A0MEYE.DE,ETR,isin_not_found
A0MEYF.ETR,A0MEYF.DE,ETR,isin_not_found
A0MEYM.ETR,A0MEYM.DE,ETR,isin_not_found
A0MEYN.ETR,A0MEYN.DE,ETR,isin_not_found
A0MEYP.ETR,A0MEYP.DE,ETR,isin_not_found
A0MEYQ.ETR,A0MEYQ.DE,ETR,isin_not_found
A0MEYS.ETR,A0MEYS.DE,ETR,isin_not_found
A0MUES.ETR,A0MUES.DE,ETR,isin_not_found
A0NBN0.ETR,A0NBN0.DE,ETR,isin_not_found
A0MYC8.ETR,A0MYC8.DE,ETR,isin_not_found
A0Q90H.ETR,A0Q90H.DE,ETR,isin_not_found
A0Q4K4.ETR,A0Q4K4.DE,ETR,isin_not_found
A0QY6X.ETR,A0QY6X.DE,ETR,isin_not_found
A0Q90J.ETR,A0Q90J.DE,ETR,isin_not_found
A0Q90G.ETR,A0Q90G.DE,ETR,isin_not_found
A0QY70.ETR,A0QY70.DE,ETR,isin_not_found
A0QY7P.ETR,A0QY7P.DE,ETR,isin_not_found
A0QY7R.ETR,A0QY7R.DE,ETR,isin_not_found
A0QY71.ETR,A0QY71.DE,ETR,isin_not_found
A0QY7C.ETR,A0QY7C.DE,ETR,isin_not_found
A0QY7B.ETR,A0QY7B.DE,ETR,isin_not_found
A0QY7X.ETR,A0QY7X.DE,ETR,isin_not_found
A0QY7Y.ETR,A0QY7Y.DE,ETR,isin_not_found
A0QY9K.ETR,A0QY9K.DE,ETR,isin_not_found
A0QY7Z.ETR,A0QY7Z.DE,ETR,isin_not_found
A0S3K3.ETR,A0S3K3.DE,ETR,isin_not_found
A0S3K0.ETR,A0S3K0.DE,ETR,isin_not_found
A0S3K4.ETR,A0S3K4.DE,ETR,isin_not_found
A0S3K1.ETR,A0S3K1.DE,ETR,isin_not_found
A0S3K2.ETR,A0S3K2.DE,ETR,isin_not_found
A0S3K5.ETR,A0S3K5.DE,ETR,isin_not_found
A0S3K8.ETR,A0S3K8.DE,ETR,isin_not_found
A0S3K9.ETR,A0S3K9.DE,ETR,isin_not_found
A0S3K7.ETR,A0S3K7.DE,ETR,isin_not_found
A0S3KU.ETR,A0S3KU.DE,ETR,isin_not_found
A0S3KW.ETR,A0S3KW.DE,ETR,isin_not_found
A0S3LB.ETR,A0S3LB.DE,ETR,isin_not_found
A0S3LE.ETR,A0S3LE.DE,ETR,isin_not_found
A0S3KV.ETR,A0S3KV.DE,ETR,isin_not_found
A0S3KZ.ETR,A0S3KZ.DE,ETR,isin_not_found
A0S3KX.ETR,A0S3KX.DE,ETR,isin_not_found
A0S3LK.ETR,A0S3LK.DE,ETR,isin_not_found
A0S3LF.ETR,A0S3LF.DE,ETR,isin_not_found
A0S3K6.ETR,A0S3K6.DE,ETR,isin_not_found
A0S3LG.ETR,A0S3LG.DE,ETR,isin_not_found
A0S3MB.ETR,A0S3MB.DE,ETR,isin_not_found
A0S3MA.ETR,A0S3MA.DE,ETR,isin_not_found
A0S9R3.ETR,A0S9R3.DE,ETR,isin_not_found
A0S3MC.ETR,A0S3MC.DE,ETR,isin_not_found
A0S3MD.ETR,A0S3MD.DE,ETR,isin_not_found
A0S3ME.ETR,A0S3ME.DE,ETR,isin_not_found
A0SYTW.ETR,A0SYTW.DE,ETR,isin_not_found
A0SYTQ.ETR,A0SYTQ.DE,ETR,isin_not_found
A0V8CD.ETR,A0V8CD.DE,ETR,isin_not_found
A0V8DE.ETR,A0V8DE.DE,ETR,isin_not_found
A0TGJ5.ETR,A0TGJ5.DE,ETR,isin_not_found
A0V8CN.ETR,A0V8CN.DE,ETR,isin_not_found
A0SYTY.ETR,A0SYTY.DE,ETR,isin_not_found
A0V8CY.ETR,A0V8CY.DE,ETR,isin_not_found
A0V8D0.ETR,A0V8D0.DE,ETR,isin_not_found
A0V8CX.ETR,A0V8CX.DE,ETR,isin_not_found
A0V8DH.ETR,A0V8DH.DE,ETR,isin_not_found
A0V8DN.ETR,A0V8DN.DE,ETR,isin_not_found
A0V8DM.ETR,A0V8DM.DE,ETR,isin_not_found
A0V8DL.ETR,A0V8DL.DE,ETR,isin_not_found
A0V8DK.ETR,A0V8DK.DE,ETR,isin_not_found
A0V8DG.ETR,A0V8DG.DE,ETR,isin_not_found
A0V8DF.ETR,A0V8DF.DE,ETR,isin_not_found
A0V8DW.ETR,A0V8DW.DE,ETR,isin_not_found
A0V8DX.ETR,A0V8DX.DE,ETR,isin_not_found
A0V8DY.ETR,A0V8DY.DE,ETR,isin_not_found
A0V8DP.ETR,A0V8DP.DE,ETR,isin_not_found
A0V8DQ.ETR,A0V8DQ.DE,ETR,isin_not_found
A0V8DV.ETR,A0V8DV.DE,ETR,isin_not_found
A0V8DZ.ETR,A0V8DZ.DE,ETR,isin_not_found
A0V8F1.ETR,A0V8F1.DE,ETR,isin_not_found
A0V8FE.ETR,A0V8FE.DE,ETR,isin_not_found
A0V8FC.ETR,A0V8FC.DE,ETR,isin_not_found
A0V8FD.ETR,A0V8FD.DE,ETR,isin_not_found
A0V8FZ.ETR,A0V8FZ.DE,ETR,isin_not_found
A0V8FF.ETR,A0V8FF.DE,ETR,isin_not_found
A0V8FG.ETR,A0V8FG.DE,ETR,isin_not_found
A0V8G2.ETR,A0V8G2.DE,ETR,isin_not_found
A0V8FH.ETR,A0V8FH.DE,ETR,isin_not_found
A0V8FX.ETR,A0V8FX.DE,ETR,isin_not_found
A0V8FY.ETR,A0V8FY.DE,ETR,isin_not_found
A0V8G5.ETR,A0V8G5.DE,ETR,isin_not_found
A0V8GJ.ETR,A0V8GJ.DE,ETR,isin_not_found
A0V8GE.ETR,A0V8GE.DE,ETR,isin_not_found
A0V8GC.ETR,A0V8GC.DE,ETR,isin_not_found
A0V8G8.ETR,A0V8G8.DE,ETR,isin_not_found
A0V8GK.ETR,A0V8GK.DE,ETR,isin_not_found
A0V8GL.ETR,A0V8GL.DE,ETR,isin_not_found
A0V8J1.ETR,A0V8J1.DE,ETR,isin_not_found
A0V8GZ.ETR,A0V8GZ.DE,ETR,isin_not_found
A0V8J0.ETR,A0V8J0.DE,ETR,isin_not_found
A0V8HG.ETR,A0V8HG.DE,ETR,isin_not_found
A0V8J2.ETR,A0V8J2.DE,ETR,isin_not_found
A0V8J7.ETR,A0V8J7.DE,ETR,isin_not_found
A0V8J6.ETR,A0V8J6.DE,ETR,isin_not_found
A0V8J5.ETR,A0V8J5.DE,ETR,isin_not_found
A0V8J3.ETR,A0V8J3.DE,ETR,isin_not_found
A0V8J4.ETR,A0V8J4.DE,ETR,isin_not_found
A0V8J8.ETR,A0V8J8.DE,ETR,isin_not_found
A0V8JK.ETR,A0V8JK.DE,ETR,isin_not_found
A0V8J9.ETR,A0V8J9.DE,ETR,isin_not_found
A0V8JH.ETR,A0V8JH.DE,ETR,isin_not_found
A0V8JG.ETR,A0V8JG.DE,ETR,isin_not_found
A0V8JL.ETR,A0V8JL.DE,ETR,isin_not_found
A0V8JP.ETR,A0V8JP.DE,ETR,isin_not_found
A0V8JM.ETR,A0V8JM.DE,ETR,isin_not_found
A0V8JR.ETR,A0V8JR.DE,ETR,isin_not_found
A0V8JQ.ETR,A0V8JQ.DE,ETR,isin_not_found
A0V8JN.ETR,A0V8JN.DE,ETR,isin_not_found
A0V8JW.ETR,A0V8JW.DE,ETR,isin_not_found
A0V8JS.ETR,A0V8JS.DE,ETR,isin_not_found
A0V8JX.ETR,A0V8JX.DE,ETR,isin_not_found
A0V8JT.ETR,A0V8JT.DE,ETR,isin_not_found
A0V8JU.ETR,A0V8JU.DE,ETR,isin_not_found
A0V8JV.ETR,A0V8JV.DE,ETR,isin_not_found
A0V8JY.ETR,A0V8JY.DE,ETR,isin_not_found
A0V8JZ.ETR,A0V8JZ.DE,ETR,isin_not_found
A0V8KC.ETR,A0V8KC.DE,ETR,isin_not_found
A0V8KB.ETR,A0V8KB.DE,ETR,isin_not_found
A0V8KA.ETR,A0V8KA.DE,ETR,isin_not_found
A0V8KE.ETR,A0V8KE.DE,ETR,isin_not_found
A0V8KD.ETR,A0V8KD.DE,ETR,isin_not_found
A0V8KJ.ETR,A0V8KJ.DE,ETR,isin_not_found
A0V8KF.ETR,A0V8KF.DE,ETR,isin_not_found
A0V8KH.ETR,A0V8KH.DE,ETR,isin_not_found
A0V8KL.ETR,A0V8KL.DE,ETR,isin_not_found
A0V8KG.ETR,A0V8KG.DE,ETR,isin_not_found
A0V9L9.ETR,A0V9L9.DE,ETR,isin_not_found
A0V8KK.ETR,A0V8KK.DE,ETR,isin_not_found
A0V8KM.ETR,A0V8KM.DE,ETR,isin_not_found
A0V8KN.ETR,A0V8KN.DE,ETR,isin_not_found
A0X9LC.ETR,A0X9LC.DE,ETR,isin_not_found
A0XFWK.ETR,A0XFWK.DE,ETR,isin_not_found
A0Z25L.ETR,A0Z25L.DE,ETR,isin_not_found
A0Z26C.ETR,A0Z26C.DE,ETR,isin_not_found
A0Z268.ETR,A0Z268.DE,ETR,isin_not_found
A0Z3P0.ETR,A0Z3P0.DE,ETR,isin_not_found
A0Z3P2.ETR,A0Z3P2.DE,ETR,isin_not_found
A0Z3P1.ETR,A0Z3P1.DE,ETR,isin_not_found
A11133.ETR,A11133.DE,ETR,isin_not_found
A0Z3P3.ETR,A0Z3P3.DE,ETR,isin_not_found
A0Z3P4.ETR,A0Z3P4.DE,ETR,isin_not_found
A0Z3PZ.ETR,A0Z3PZ.DE,ETR,isin_not_found
A117XM.ETR,A117XM.DE,ETR,isin_not_found
A118Z8.ETR,A118Z8.DE,ETR,isin_not_found
A12HJF.ETR,A12HJF.DE,ETR,isin_not_found
A12ULL.ETR,A12ULL.DE,ETR,isin_not_found
A13N90.ETR,A13N90.DE,ETR,isin_not_found
A13N94.ETR,A13N94.DE,ETR,isin_not_found
A13PAJ.ETR,A13PAJ.DE,ETR,isin_not_found
A13N92.ETR,A13N92.DE,ETR,isin_not_found
A13PAX.ETR,A13PAX.DE,ETR,isin_not_found
A13N9X.ETR,A13N9X.DE,ETR,isin_not_found
A13N9Y.ETR,A13N9Y.DE,ETR,isin_not_found
A13PA0.ETR,A13PA0.DE,ETR,isin_not_found
A13PAY.ETR,A13PAY.DE,ETR,isin_not_found
A13PH4.ETR,A13PH4.DE,ETR,isin_not_found
A13PH5.ETR,A13PH5.DE,ETR,isin_not_found
A13PH6.ETR,A13PH6.DE,ETR,isin_not_found
A13PHF.ETR,A13PHF.DE,ETR,isin_not_found
A13PAZ.ETR,A13PAZ.DE,ETR,isin_not_found
A13PGG.ETR,A13PGG.DE,ETR,isin_not_found
A13PHK.ETR,A13PHK.DE,ETR,isin_not_found
A13PHN.ETR,A13PHN.DE,ETR,isin_not_found
A13PHM.ETR,A13PHM.DE,ETR,isin_not_found
A13PHL.ETR,A13PHL.DE,ETR,isin_not_found
A13PHH.ETR,A13PHH.DE,ETR,isin_not_found
A13PHJ.ETR,A13PHJ.DE,ETR,isin_not_found
A13PHU.ETR,A13PHU.DE,ETR,isin_not_found
A13PHP.ETR,A13PHP.DE,ETR,isin_not_found
A13PHS.ETR,A13PHS.DE,ETR,isin_not_found
A13PHV.ETR,A13PHV.DE,ETR,isin_not_found
A13PHT.ETR,A13PHT.DE,ETR,isin_not_found
A13PHG.ETR,A13PHG.DE,ETR,isin_not_found
A14KEB.ETR,A14KEB.DE,ETR,isin_not_found
A14KR2.ETR,A14KR2.DE,ETR,isin_not_found
A14XB9.ETR,A14XB9.DE,ETR,isin_not_found
A14V41.ETR,A14V41.DE,ETR,isin_not_found
A16123.ETR,A16123.DE,ETR,isin_not_found
A16811.ETR,A16811.DE,ETR,isin_not_found
A161NR.ETR,A161NR.DE,ETR,isin_not_found
A1A4BJ.ETR,A1A4BJ.DE,ETR,isin_not_found
A1A4F7.ETR,A1A4F7.DE,ETR,isin_not_found
A1A4DP.ETR,A1A4DP.DE,ETR,isin_not_found
A1A4E4.ETR,A1A4E4.DE,ETR,isin_not_found
A1A4FV.ETR,A1A4FV.DE,ETR,isin_not_found
A1A4F8.ETR,A1A4F8.DE,ETR,isin_not_found
A1A4J1.ETR,A1A4J1.DE,ETR,isin_not_found
A1A4J2.ETR,A1A4J2.DE,ETR,isin_not_found
A1A4FW.ETR,A1A4FW.DE,ETR,no_data
A1A4GR.ETR,A1A4GR.DE,ETR,isin_not_found
A1A4J3.ETR,A1A4J3.DE,ETR,isin_not_found
A1A4J4.ETR,A1A4J4.DE,ETR,isin_not_found
A1A4J9.ETR,A1A4J9.DE,ETR,isin_not_found
A1A4J5.ETR,A1A4J5.DE,ETR,isin_not_found
A1A4J8.ETR,A1A4J8.DE,ETR,isin_not_found
A1A4JE.ETR,A1A4JE.DE,ETR,isin_not_found
A1A4J6.ETR,A1A4J6.DE,ETR,isin_not_found
A1A4J7.ETR,A1A4J7.DE,ETR,isin_not_found
A1A4JJ.ETR,A1A4JJ.DE,ETR,isin_not_found
A1A4JM.ETR,A1A4JM.DE,ETR,isin_not_found
A1A4JF.ETR,A1A4JF.DE,ETR,isin_not_found
A1A4JH.ETR,A1A4JH.DE,ETR,isin_not_found
A1A4JN.ETR,A1A4JN.DE,ETR,isin_not_found
A1A4JX.ETR,A1A4JX.DE,ETR,isin_not_found
A1A4K2.ETR,A1A4K2.DE,ETR,isin_not_found
A1A4KA.ETR,A1A4KA.DE,ETR,isin_not_found
A1A4JR.ETR,A1A4JR.DE,ETR,isin_not_found
A1A4JQ.ETR,A1A4JQ.DE,ETR,isin_not_found
A1A4KC.ETR,A1A4KC.DE,ETR,isin_not_found
A1A4JY.ETR,A1A4JY.DE,ETR,isin_not_found
A1A4KF.ETR,A1A4KF.DE,ETR,isin_not_found
A1A4KE.ETR,A1A4KE.DE,ETR,isin_not_found
A1A4KD.ETR,A1A4KD.DE,ETR,isin_not_found
A1A4KJ.ETR,A1A4KJ.DE,ETR,isin_not_found
A1A4KG.ETR,A1A4KG.DE,ETR,isin_not_found
A1A4KM.ETR,A1A4KM.DE,ETR,isin_not_found
A1A4KH.ETR,A1A4KH.DE,ETR,isin_not_found
A1A4KL.ETR,A1A4KL.DE,ETR,isin_not_found
A1A4KK.ETR,A1A4KK.DE,ETR,isin_not_found
A1A4KN.ETR,A1A4KN.DE,ETR,isin_not_found
A1A4KP.ETR,A1A4KP.DE,ETR,isin_not_found
A1A4KX.ETR,A1A4KX.DE,ETR,isin_not_found
A1A4KY.ETR,A1A4KY.DE,ETR,isin_not_found
A1A4KR.ETR,A1A4KR.DE,ETR,isin_not_found
A1A4KS.ETR,A1A4KS.DE,ETR,isin_not_found
A1A4KZ.ETR,A1A4KZ.DE,ETR,isin_not_found
A1A4LE.ETR,A1A4LE.DE,ETR,isin_not_found
A1A4M6.ETR,A1A4M6.DE,ETR,isin_not_found
A1A4NH.ETR,A1A4NH.DE,ETR,isin_not_found
A1A4LG.ETR,A1A4LG.DE,ETR,isin_not_found
A1C3R3.ETR,A1C3R3.DE,ETR,isin_not_found
A1CX36.ETR,A1CX36.DE,ETR,isin_not_found
A1EX0A.ETR,A1EX0A.DE,ETR,isin_not_found
A1EX0B.ETR,A1EX0B.DE,ETR,isin_not_found
A1EX0C.ETR,A1EX0C.DE,ETR,isin_not_found
A1EX0F.ETR,A1EX0F.DE,ETR,isin_not_found
A1EX0G.ETR,A1EX0G.DE,ETR,isin_not_found
A1EX10.ETR,A1EX10.DE,ETR,isin_not_found
A1EX11.ETR,A1EX11.DE,ETR,isin_not_found
A1EX12.ETR,A1EX12.DE,ETR,isin_not_found
A1EX15.ETR,A1EX15.DE,ETR,isin_not_found
A1EX1W.ETR,A1EX1W.DE,ETR,isin_not_found
A1EX1X.ETR,A1EX1X.DE,ETR,isin_not_found
A1EX1Y.ETR,A1EX1Y.DE,ETR,isin_not_found
A1EX1Z.ETR,A1EX1Z.DE,ETR,isin_not_found
A1EXB4.ETR,A1EXB4.DE,ETR,isin_not_found
A1EXB5.ETR,A1EXB5.DE,ETR,isin_not_found
A1EX2B.ETR,A1EX2B.DE,ETR,isin_not_found
A1EXB1.ETR,A1EXB1.DE,ETR,isin_not_found
A1EXCG.ETR,A1EXCG.DE,ETR,isin_not_found
A1EXCM.ETR,A1EXCM.DE,ETR,isin_not_found
A1EXCN.ETR,A1EXCN.DE,ETR,isin_not_found
A1EXCK.ETR,A1EXCK.DE,ETR,isin_not_found
A1EXB6.ETR,A1EXB6.DE,ETR,isin_not_found
A1EXCB.ETR,A1EXCB.DE,ETR,isin_not_found
A1EXB7.ETR,A1EXB7.DE,ETR,isin_not_found
A1EXEU.ETR,A1EXEU.DE,ETR,isin_not_found
A1EXCQ.ETR,A1EXCQ.DE,ETR,isin_not_found
A1EXET.ETR,A1EXET.DE,ETR,isin_not_found
A1EXCR.ETR,A1EXCR.DE,ETR,isin_not_found
A1EXH5.ETR,A1EXH5.DE,ETR,isin_not_found
A1EXH4.ETR,A1EXH4.DE,ETR,isin_not_found
A1EXL6.ETR,A1EXL6.DE,ETR,isin_not_found
A1EXJA.ETR,A1EXJA.DE,ETR,isin_not_found
A1EXFX.ETR,A1EXFX.DE,ETR,isin_not_found
A1EXK5.ETR,A1EXK5.DE,ETR,isin_not_found
A1EXLF.ETR,A1EXLF.DE,ETR,isin_not_found
A1EXK6.ETR,A1EXK6.DE,ETR,isin_not_found
A1EXNR.ETR,A1EXNR.DE,ETR,isin_not_found
A1EXNQ.ETR,A1EXNQ.DE,ETR,isin_not_found
A1EXLD.ETR,A1EXLD.DE,ETR,isin_not_found
A1EXLC.ETR,A1EXLC.DE,ETR,isin_not_found
A1EXK7.ETR,A1EXK7.DE,ETR,isin_not_found
A1EXQ1.ETR,A1EXQ1.DE,ETR,isin_not_found
A1EXQ8.ETR,A1EXQ8.DE,ETR,isin_not_found
A1EXQW.ETR,A1EXQW.DE,ETR,isin_not_found
A1EXQU.ETR,A1EXQU.DE,ETR,isin_not_found
A1EXNS.ETR,A1EXNS.DE,ETR,isin_not_found
A1EXQP.ETR,A1EXQP.DE,ETR,isin_not_found
A1EXQ6.ETR,A1EXQ6.DE,ETR,isin_not_found
A1EXUG.ETR,A1EXUG.DE,ETR,isin_not_found
A1EXUJ.ETR,A1EXUJ.DE,ETR,isin_not_found
A1EXUL.ETR,A1EXUL.DE,ETR,isin_not_found
A1EXUE.ETR,A1EXUE.DE,ETR,isin_not_found
A1EXUF.ETR,A1EXUF.DE,ETR,isin_not_found
A1EXW5.ETR,A1EXW5.DE,ETR,isin_not_found
A1EXW6.ETR,A1EXW6.DE,ETR,isin_not_found
A1EXZW.ETR,A1EXZW.DE,ETR,isin_not_found
A1EXWH.ETR,A1EXWH.DE,ETR,isin_not_found
A1EXZV.ETR,A1EXZV.DE,ETR,isin_not_found
A1EXZS.ETR,A1EXZS.DE,ETR,isin_not_found
A1EXZX.ETR,A1EXZX.DE,ETR,isin_not_found
A1JADL.ETR,A1JADL.DE,ETR,isin_not_found
A1JGT0.ETR,A1JGT0.DE,ETR,isin_not_found
A1JMFQ.ETR,A1JMFQ.DE,ETR,isin_not_found
A1JPJY.ETR,A1JPJY.DE,ETR,isin_not_found
A1JV4H.ETR,A1JV4H.DE,ETR,isin_not_found
A1K037.ETR,A1K037.DE,ETR,isin_not_found
A1W6XZ.ETR,A1W6XZ.DE,ETR,isin_not_found
A1W90H.ETR,A1W90H.DE,ETR,isin_not_found
A1X214.ETR,A1X214.DE,ETR,isin_not_found
A1W9NS.ETR,A1W9NS.DE,ETR,isin_not_found
A1X215.ETR,A1X215.DE,ETR,isin_not_found
A1X225.ETR,A1X225.DE,ETR,isin_not_found
A1X226.ETR,A1X226.DE,ETR,isin_not_found
A1X2V6.ETR,A1X2V6.DE,ETR,isin_not_found
A1X227.ETR,A1X227.DE,ETR,isin_not_found
A1X22A.ETR,A1X22A.DE,ETR,isin_not_found
A1X2V7.ETR,A1X2V7.DE,ETR,isin_not_found
A1X2VP.ETR,A1X2VP.DE,ETR,isin_not_found
A1X2VQ.ETR,A1X2VQ.DE,ETR,isin_not_found
A1X2VS.ETR,A1X2VS.DE,ETR,isin_not_found
A1X2W6.ETR,A1X2W6.DE,ETR,isin_not_found
A1X2VR.ETR,A1X2VR.DE,ETR,isin_not_found
A1X2VU.ETR,A1X2VU.DE,ETR,isin_not_found
A1X2WD.ETR,A1X2WD.DE,ETR,isin_not_found
A1X2XJ.ETR,A1X2XJ.DE,ETR,isin_not_found
A1X2XK.ETR,A1X2XK.DE,ETR,isin_not_found
A1X2WE.ETR,A1X2WE.DE,ETR,isin_not_found
A1X2XH.ETR,A1X2XH.DE,ETR,isin_not_found
A1X2YV.ETR,A1X2YV.DE,ETR,isin_not_found
A1X2YJ.ETR,A1X2YJ.DE,ETR,isin_not_found
A1X2XP.ETR,A1X2XP.DE,ETR,isin_not_found
A1X2YK.ETR,A1X2YK.DE,ETR,isin_not_found
A1X2XQ.ETR,A1X2XQ.DE,ETR,isin_not_found
A1X2YL.ETR,A1X2YL.DE,ETR,isin_not_found
A1X3W0.ETR,A1X3W0.DE,ETR,isin_not_found
A254W5.ETR,A254W5.DE,ETR,isin_not_found
A255G3.ETR,A255G3.DE,ETR,isin_not_found
A2AHZA.ETR,A2AHZA.DE,ETR,isin_not_found
A2ASF5.ETR,A2ASF5.DE,ETR,isin_not_found
A2ASAC.ETR,A2ASAC.DE,ETR,isin_not_found
A2BPNB.ETR,A2BPNB.DE,ETR,isin_not_found
A2DA41.ETR,A2DA41.DE,ETR,isin_not_found
A2DME9.ETR,A2DME9.DE,ETR,isin_not_found
A2DAN1.ETR,A2DAN1.DE,ETR,isin_not_found
A2DPEL.ETR,A2DPEL.DE,ETR,isin_not_found
A2DSYC.ETR,A2DSYC.DE,ETR,isin_not_found
A2E370.ETR,A2E370.DE,ETR,isin_not_found
A2E377.ETR,A2E377.DE,ETR,isin_not_found
A2G9LL.ETR,A2G9LL.DE,ETR,isin_not_found
A2G8XP.ETR,A2G8XP.DE,ETR,isin_not_found
A2GS40.ETR,A2GS40.DE,ETR,isin_not_found
A2GS5M.ETR,A2GS5M.DE,ETR,no_data
A2GSVV.ETR,A2GSVV.DE,ETR,isin_not_found
A2JHXV.ETR,A2JHXV.DE,ETR,isin_not_found
A2JQSC.ETR,A2JQSC.DE,ETR,isin_not_found
A2LQ85.ETR,A2LQ85.DE,ETR,isin_not_found
A2JNWZ.ETR,A2JNWZ.DE,ETR,isin_not_found
A2LQUA.ETR,A2LQUA.DE,ETR,isin_not_found
A2JR3A.ETR,A2JR3A.DE,ETR,isin_not_found
A2N9WV.ETR,A2N9WV.DE,ETR,isin_not_found
A2P0E9.ETR,A2P0E9.DE,ETR,isin_not_found
A2P4A9.ETR,A2P4A9.DE,ETR,isin_not_found
A2P4LJ.ETR,A2P4LJ.DE,ETR,isin_not_found
A2P739.ETR,A2P739.DE,ETR,isin_not_found
A2P71U.ETR,A2P71U.DE,ETR,isin_not_found
A2PBVH.ETR,A2PBVH.DE,ETR,isin_not_found
A2PBX0.ETR,A2PBX0.DE,ETR,isin_not_found
A2PPTN.ETR,A2PPTN.DE,ETR,isin_not_found
A2PUZ3.ETR,A2PUZ3.DE,ETR,isin_not_found
A2PUCU.ETR,A2PUCU.DE,ETR,isin_not_found
A2QA6Q.ETR,A2QA6Q.DE,ETR,isin_not_found
A2QAZJ.ETR,A2QAZJ.DE,ETR,isin_not_found
A2QCEQ.ETR,A2QCEQ.DE,ETR,isin_not_found
A2QEFA.ETR,A2QEFA.DE,ETR,isin_not_found
A2QRHL.ETR,A2QRHL.DE,ETR,isin_not_found
A2QN3E.ETR,A2QN3E.DE,ETR,isin_not_found
A2TSQH.ETR,A2TSQH.DE,ETR,isin_not_found
A2TSL7.ETR,A2TSL7.DE,ETR,isin_not_found
A2YN70.ETR,A2YN70.DE,ETR,isin_not_found
A2YN37.ETR,A2YN37.DE,ETR,isin_not_found
A3CM9E.ETR,A3CM9E.DE,ETR,isin_not_found
A3CMGM.ETR,A3CMGM.DE,ETR,isin_not_found
A3C4QG.ETR,A3C4QG.DE,ETR,isin_not_found
A3CNK4.ETR,A3CNK4.DE,ETR,isin_not_found
A3E5B5.ETR,A3E5B5.DE,ETR,no_data
A3E5C4.ETR,A3E5C4.DE,ETR,isin_not_found
A3E5CC.ETR,A3E5CC.DE,ETR,isin_not_found
A3E5DP.ETR,A3E5DP.DE,ETR,isin_not_found
A3E5DK.ETR,A3E5DK.DE,ETR,isin_not_found
A3E5DT.ETR,A3E5DT.DE,ETR,no_data
A3E5DF.ETR,A3E5DF.DE,ETR,no_data
A3E5D0.ETR,A3E5D0.DE,ETR,isin_not_found
A3E5E4.ETR,A3E5E4.DE,ETR,no_data
A3E5ES.ETR,A3E5ES.DE,ETR,isin_not_found
A3E5ET.ETR,A3E5ET.DE,ETR,isin_not_found
A3E5EU.ETR,A3E5EU.DE,ETR,no_data
A3E5C5.ETR,A3E5C5.DE,ETR,no_data
A3H222.ETR,A3H222.DE,ETR,isin_not_found
A3H218.ETR,A3H218.DE,ETR,isin_not_found
AACW.FR,AACW.PA,FR,isin_not_found
A3H3LB.ETR,A3H3LB.DE,ETR,isin_not_found
AAC.FR,AAC.PA,FR,isin_not_found
ABIO.FR,ABIO.PA,FR,isin_not_found
ACNV.FR,ACNV.PA,FR,isin_not_found
ACCEL.NL,ACCEL.AS,NL,isin_not_found
AKA.FR,AKA.PA,FR,isin_not_found
ALADA.FR,ALADA.PA,FR,isin_not_found
ALACT.FR,ALACT.PA,FR,isin_not_found
ALADM.FR,ALADM.PA,FR,isin_not_found
ALADV.FR,ALADV.PA,FR,isin_not_found
ALAMG.FR,ALAMG.PA,FR,isin_not_found
ALATF.FR,ALATF.PA,FR,isin_not_found
ALCES.FR,ALCES.PA,FR,isin_not_found
ALCHI.FR,ALCHI.PA,FR,isin_not_found
ALCG.FR,ALCG.PA,FR,isin_not_found
ALCAR.FR,ALCAR.PA,FR,isin_not_found
ALCOR.FR,ALCOR.PA,FR,isin_not_found
ALDBY.FR,ALDBY.PA,FR,isin_not_found
ALDR.FR,ALDR.PA,FR,isin_not_found
ALENE.FR,ALENE.PA,FR,isin_not_found
ALENR.FR,ALENR.PA,FR,isin_not_found
ALFBA.FR,ALFBA.PA,FR,isin_not_found
ALESK.FR,ALESK.PA,FR,isin_not_found
ALFIL.FR,ALFIL.PA,FR,isin_not_found
ALGAU.FR,ALGAU.PA,FR,isin_not_found
ALGBE.FR,ALGBE.PA,FR,isin_not_found
ALHEO.FR,ALHEO.PA,FR,isin_not_found
ALHIO.FR,ALHIO.PA,FR,isin_not_found
ALICR.FR,ALICR.PA,FR,isin_not_found
ALIDS.FR,ALIDS.PA,FR,isin_not_found
ALIVA.FR,ALIVA.PA,FR,isin_not_found
ALKER.FR,ALKER.PA,FR,isin_not_found
ALLEC.FR,ALLEC.PA,FR,isin_not_found
ALM.FR,ALM.PA,FR,isin_not_found
ALMBG.FR,ALMBG.PA,FR,isin_not_found
ALMAK.FR,ALMAK.PA,FR,isin_not_found
ALMDP.FR,ALMDP.PA,FR,isin_not_found
ALMIL.FR,ALMIL.PA,FR,isin_not_found
ALMII.FR,ALMII.PA,FR,isin_not_found
ALMND.FR,ALMND.PA,FR,isin_not_found
ALONC.FR,ALONC.PA,FR,isin_not_found
ALOBR.FR,ALOBR.PA,FR,isin_not_found
ALPAR.FR,ALPAR.PA,FR,isin_not_found
ALOSM.FR,ALOSM.PA,FR,isin_not_found
ALPCV.FR,ALPCV.PA,FR,isin_not_found
ALPHA.FR,ALPHA.PA,FR,isin_not_found
ALPHS.FR,ALPHS.PA,FR,isin_not_found
ALPHE.FR,ALPHE.PA,FR,isin_not_found
ALPIX.FR,ALPIX.PA,FR,isin_not_found
ALPLA.FR,ALPLA.PA,FR,isin_not_found
ALPRO.FR,ALPRO.PA,FR,isin_not_found
ALQP.FR,ALQP.PA,FR,isin_not_found
ALSER.FR,ALSER.PA,FR,isin_not_found
ALSIM.FR,ALSIM.PA,FR,isin_not_found
ALTAN.FR,ALTAN.PA,FR,isin_not_found
ALTEV.FR,ALTEV.PA,FR,isin_not_found
ALTER.FR,ALTER.PA,FR,isin_not_found
ALTBM.FR,ALTBM.PA,FR,isin_not_found
ALTIV.FR,ALTIV.PA,FR,isin_not_found
ALTRO.FR,ALTRO.PA,FR,isin_not_found
ALTTI.FR,ALTTI.PA,FR,isin_not_found
ALUMS.FR,ALUMS.PA,FR,isin_not_found
ALUCR.FR,ALUCR.PA,FR,isin_not_found
ALTUR.FR,ALTUR.PA,FR,isin_not_found
ALTVO.FR,ALTVO.PA,FR,isin_not_found
ALVIV.FR,ALVIV.PA,FR,isin_not_found
ALVER.FR,ALVER.PA,FR,isin_not_found
ALVET.FR,ALVET.PA,FR,isin_not_found
ALVTX.FR,ALVTX.PA,FR,isin_not_found
ALWED.FR,ALWED.PA,FR,isin_not_found
AMPLI.FR,AMPLI.PA,FR,isin_not_found
APM.FR,APM.PA,FR,isin_not_found
ASP.FR,ASP.PA,FR,isin_not_found
AURS.FR,AURS.PA,FR,isin_not_found
BALYO.FR,BALYO.PA,FR,isin_not_found
BBED.NL,BBED.AS,NL,isin_not_found
BFB001.ETR,BFB001.DE,ETR,isin_not_found
BCSS.NL,BCSS.AS,NL,isin_not_found
BERR.FR,BERR.PA,FR,isin_not_found
BIOBS.FR,BIOBS.PA,FR,isin_not_found
BGHL.NL,BGHL.AS,NL,isin_not_found
BGHS.NL,BGHS.AS,NL,isin_not_found
BLV.FR,BLV.PA,FR,isin_not_found
BLUBT.FR,BLUBT.PA,FR,isin_not_found
BOKA.NL,BOKA.AS,NL,isin_not_found
BOLS.NL,BOLS.AS,NL,isin_not_found
BSGR.NL,BSGR.AS,NL,isin_not_found
BPSBS.FR,BPSBS.PA,FR,isin_not_found
BRILL.NL,BRILL.AS,NL,isin_not_found
CAPLI.FR,CAPLI.PA,FR,isin_not_found
CAS.FR,CAS.PA,FR,isin_not_found
CDANV.FR,CDANV.PA,FR,isin_not_found
CGG.FR,CGG.PA,FR,isin_not_found
CGGBS.FR,CGGBS.PA,FR,isin_not_found
CGGBT.FR,CGGBT.PA,FR,isin_not_found
BUDBS.FR,BUDBS.PA,FR,isin_not_found
CLB.NL,CLB.AS,NL,isin_not_found
CLP.FR,CLP.PA,FR,isin_not_found
CNP.FR,CNP.PA,FR,isin_not_found
CNV.FR,CNV.PA,FR,isin_not_found
COM.FR,COM.PA,FR,isin_not_found
CPA1.NL,CPA1.AS,NL,isin_not_found
CPA1W.NL,CPA1W.AS,NL,isin_not_found
CTCA1.NL,CTCA1.AS,NL,isin_not_found
CTCT1.NL,CTCT1.AS,NL,isin_not_found
CTCW1.NL,CTCW1.AS,NL,isin_not_found
CYBKB.FR,CYBKB.PA,FR,isin_not_found
CYBK1.FR,CYBK1.PA,FR,isin_not_found
CYBKA.FR,CYBKA.PA,FR,isin_not_found
CYBBT.FR,CYBBT.PA,FR,isin_not_found
DCACS.NL,DCACS.AS,NL,isin_not_found
DCACW.NL,DCACW.AS,NL,isin_not_found
DEEW.FR,DEEW.PA,FR,isin_not_found
DEE.FR,DEE.PA,FR,isin_not_found
DPA.NL,DPA.AS,NL,isin_not_found
DSC2S.NL,DSC2S.AS,NL,isin_not_found
DSCW1.NL,DSCW1.AS,NL,isin_not_found
DVT.FR,DVT.PA,FR,isin_not_found
DSM.NL,DSM.AS,NL,isin_not_found
DSCW3.NL,DSCW3.AS,NL,isin_not_found
DSCW2.NL,DSCW2.AS,NL,isin_not_found
EBPF.FR,EBPF.PA,FR,isin_not_found
EDF.FR,EDF.PA,FR,isin_not_found
EFICW.NL,EFICW.AS,NL,isin_not_found
EFICT.NL,EFICT.AS,NL,isin_not_found
ENTPW.NL,ENTPW.AS,NL,isin_not_found
ENTPT.NL,ENTPT.AS,NL,isin_not_found
ENTPA.NL,ENTPA.AS,NL,isin_not_found
ESGWA.NL,ESGWA.AS,NL,isin_not_found
ESI.FR,ESI.PA,FR,isin_not_found
ESP.NL,ESP.AS,NL,isin_not_found
ERYP.FR,ERYP.PA,FR,isin_not_found
ESGT.NL,ESGT.AS,NL,isin_not_found
EUR.FR,EUR.PA,FR,isin_not_found
ESG.NL,ESG.AS,NL,isin_not_found
EURBU.FR,EURBU.PA,FR,isin_not_found
EUCAR.FR,EUCAR.PA,FR,isin_not_found
EXN.FR,EXN.PA,FR,isin_not_found
FBEL.FR,FBEL.PA,FR,isin_not_found
FAUV.FR,FAUV.PA,FR,isin_not_found
FLY.FR,FLY.PA,FR,isin_not_found
FLO.FR,FLO.PA,FR,isin_not_found
GALIM.FR,GALIM.PA,FR,isin_not_found
GEPBS.FR,GEPBS.PA,FR,isin_not_found
GENX.FR,GENX.PA,FR,isin_not_found
GNRO.FR,GNRO.PA,FR,isin_not_found
GOJXN.NL,GOJXN.AS,NL,isin_not_found
GREV.FR,GREV.PA,FR,isin_not_found
GV.FR,GV.PA,FR,isin_not_found
GVNV.NL,GVNV.AS,NL,isin_not_found
HDG.NL,HDG.AS,NL,isin_not_found
HEGAU.NL,HEGAU.AS,NL,isin_not_found
HEGA.NL,HEGA.AS,NL,isin_not_found
HUNDP.NL,HUNDP.AS,NL,isin_not_found
I2POW.FR,I2POW.PA,FR,isin_not_found
I2PO.FR,I2PO.PA,FR,isin_not_found
HSBS.NL,HSBS.AS,NL,isin_not_found
IGE.FR,IGE.PA,FR,isin_not_found
INFE.FR,INFE.PA,FR,isin_not_found
IRD.FR,IRD.PA,FR,isin_not_found
ITE.FR,ITE.PA,FR,isin_not_found
JDEP.NL,JDEP.AS,NL,isin_not_found
JPMS.NL,JPMS.AS,NL,isin_not_found
LSP.NL,LSP.AS,NL,isin_not_found
LUCBS.FR,LUCBS.PA,FR,isin_not_found
LTT247.ETR,LTT247.DE,ETR,isin_not_found
LYS.FR,LYS.PA,FR,isin_not_found
MAG000.ETR,MAG000.DE,ETR,isin_not_found
MAKB2.FR,MAKB2.PA,FR,isin_not_found
MAJ.NL,MAJ.AS,NL,isin_not_found
MBWBT.FR,MBWBT.PA,FR,isin_not_found
MBWSZ.FR,MBWSZ.PA,FR,isin_not_found
MAN.FR,MAN.PA,FR,isin_not_found
MAREL.NL,MAREL.AS,NL,isin_not_found
MASBS.FR,MASBS.PA,FR,isin_not_found
ML350.FR,ML350.PA,FR,isin_not_found
MLAAE.FR,MLAAE.PA,FR,isin_not_found
MLAHC.FR,MLAHC.PA,FR,isin_not_found
MLAIM.FR,MLAIM.PA,FR,isin_not_found
MLABO.FR,MLABO.PA,FR,isin_not_found
MLBAT.FR,MLBAT.PA,FR,isin_not_found
MLATV.FR,MLATV.PA,FR,isin_not_found
MLAUD.FR,MLAUD.PA,FR,isin_not_found
MLCAS.FR,MLCAS.PA,FR,isin_not_found
MLCEC.FR,MLCEC.PA,FR,isin_not_found
MLCIO.FR,MLCIO.PA,FR,isin_not_found
MLCSA.FR,MLCSA.PA,FR,isin_not_found
MLCSB.FR,MLCSB.PA,FR,isin_not_found
MLCVG.FR,MLCVG.PA,FR,isin_not_found
MLDYX.FR,MLDYX.PA,FR,isin_not_found
MLEDS.FR,MLEDS.PA,FR,isin_not_found
MLEDU.FR,MLEDU.PA,FR,isin_not_found
MLEES.FR,MLEES.PA,FR,isin_not_found
MLEVE.FR,MLEVE.PA,FR,isin_not_found
MLHOP.FR,MLHOP.PA,FR,isin_not_found
MLIDP.FR,MLIDP.PA,FR,isin_not_found
MLIOC.FR,MLIOC.PA,FR,isin_not_found
MLJSA.FR,MLJSA.PA,FR,isin_not_found
MLLOG.FR,MLLOG.PA,FR,isin_not_found
MLMAT.FR,MLMAT.PA,FR,isin_not_found
MLMAD.FR,MLMAD.PA,FR,isin_not_found
MLMCE.FR,MLMCE.PA,FR,isin_not_found
MLMUL.FR,MLMUL.PA,FR,isin_not_found
MLNAT.FR,MLNAT.PA,FR,isin_not_found
MLMTD.FR,MLMTD.PA,FR,isin_not_found
MLNEI.FR,MLNEI.PA,FR,isin_not_found
MLNEO.FR,MLNEO.PA,FR,isin_not_found
MLOSA.FR,MLOSA.PA,FR,isin_not_found
MLPAP.FR,MLPAP.PA,FR,isin_not_found
MLPFX.FR,MLPFX.PA,FR,isin_not_found
MLPRO.FR,MLPRO.PA,FR,isin_not_found
MLREX.FR,MLREX.PA,FR,isin_not_found
MLSCH.FR,MLSCH.PA,FR,isin_not_found
MLSBT.FR,MLSBT.PA,FR,isin_not_found
MLROU.FR,MLROU.PA,FR,isin_not_found
MLSKN.FR,MLSKN.PA,FR,isin_not_found
MLSUM.FR,MLSUM.PA,FR,isin_not_found
MLTRA.FR,MLTRA.PA,FR,isin_not_found
MLTEA.FR,MLTEA.PA,FR,isin_not_found
MLV4S.FR,MLV4S.PA,FR,isin_not_found
MLUMH.FR,MLUMH.PA,FR,isin_not_found
MLVER.FR,MLVER.PA,FR,isin_not_found
MLVIS.FR,MLVIS.PA,FR,isin_not_found
MLWIZ.FR,MLWIZ.PA,FR,isin_not_found
MONC.FR,MONC.PA,FR,isin_not_found
MRM.FR,MRM.PA,FR,isin_not_found
MUN.FR,MUN.PA,FR,isin_not_found
NEXTS.FR,NEXTS.PA,FR,isin_not_found
NEOEN.FR,NEOEN.PA,FR,isin_not_found
NEWAY.NL,NEWAY.AS,NL,isin_not_found
NHODS.FR,NHODS.PA,FR,isin_not_found
NHOA.FR,NHOA.PA,FR,isin_not_found
NLFBS.FR,NLFBS.PA,FR,isin_not_found
NWRK01.ETR,NWRK01.DE,ETR,isin_not_found
ODYSW.NL,ODYSW.AS,NL,isin_not_found
ODYSY.NL,ODYSY.AS,NL,isin_not_found
OPN.FR,OPN.PA,FR,isin_not_found
OLNV.FR,OLNV.PA,FR,isin_not_found
ORAP.FR,ORAP.PA,FR,isin_not_found
ORDI.NL,ORDI.AS,NL,isin_not_found
ORAPB.FR,ORAPB.PA,FR,isin_not_found
ORANW.NL,ORANW.AS,NL,isin_not_found
PACEW.NL,PACEW.AS,NL,isin_not_found
PABSA.FR,PABSA.PA,FR,isin_not_found
PACEU.NL,PACEU.AS,NL,isin_not_found
PACE.NL,PACE.AS,NL,isin_not_found
PABSB.FR,PABSB.PA,FR,isin_not_found
PCA.FR,PCA.PA,FR,isin_not_found
PID.FR,PID.PA,FR,isin_not_found
PROBS.FR,PROBS.PA,FR,isin_not_found
PROBT.FR,PROBT.PA,FR,isin_not_found
PUBBS.FR,PUBBS.PA,FR,isin_not_found
QWABS.FR,QWABS.PA,FR,isin_not_found
PYP3.FR,PYP3.PA,FR,isin_not_found
RDSA.NL,RDSA.AS,NL,isin_not_found
RDSB.NL,RDSB.AS,NL,isin_not_found
RE.FR,RE.PA,FR,isin_not_found
RIN.FR,RIN.PA,FR,isin_not_found
ROCBT.FR,ROCBT.PA,FR,isin_not_found
ROTH.FR,ROTH.PA,FR,isin_not_found
ROOD.NL,ROOD.AS,NL,isin_not_found
RWI.NL,RWI.AS,NL,isin_not_found
RX.FR,RX.PA,FR,isin_not_found
RYSE88.ETR,RYSE88.DE,ETR,isin_not_found
SBP.NL,SBP.AS,NL,isin_not_found
SCIT.NL,SCIT.AS,NL,isin_not_found
SDT.FR,SDT.PA,FR,isin_not_found
SCRM.NL,SCRM.AS,NL,isin_not_found
SGDBS.FR,SGDBS.PA,FR,isin_not_found
SHA015.ETR,SHA015.DE,ETR,isin_not_found
SII.FR,SII.PA,FR,isin_not_found
SEV.FR,SEV.PA,FR,isin_not_found
SGFI.FR,SGFI.PA,FR,isin_not_found
SMLBS.FR,SMLBS.PA,FR,isin_not_found
SMU.NL,SMU.AS,NL,isin_not_found
SO.FR,SO.PA,FR,isin_not_found
SNOW.NL,SNOW.AS,NL,isin_not_found
SPR1T.NL,SPR1T.AS,NL,isin_not_found
SRDS.NL,SRDS.AS,NL,isin_not_found
SPR1.NL,SPR1.AS,NL,isin_not_found
SQI.FR,SQI.PA,FR,isin_not_found
SUSE5A.ETR,SUSE5A.DE,ETR,isin_not_found
SX.FR,SX.PA,FR,isin_not_found
TBGBS.FR,TBGBS.PA,FR,isin_not_found
TBIRD.NL,TBIRD.AS,NL,isin_not_found
TBMBT.FR,TBMBT.PA,FR,isin_not_found
TES.FR,TES.PA,FR,isin_not_found
TECBS.FR,TECBS.PA,FR,isin_not_found
THEDS.FR,THEDS.PA,FR,isin_not_found
TIPI.FR,TIPI.PA,FR,isin_not_found
TKWY.NL,TKWY.AS,NL,isin_not_found
TKTT.FR,TKTT.PA,FR,isin_not_found
TRAN.FR,TRAN.PA,FR,isin_not_found
TRANW.FR,TRANW.PA,FR,isin_not_found
TRODS.FR,TRODS.PA,FR,isin_not_found
TUAG00.ETR,TUAG00.DE,ETR,isin_not_found
TSL3.FR,TSL3.PA,FR,isin_not_found
TUAG1D.ETR,TUAG1D.DE,ETR,no_data
UFF.FR,UFF.PA,FR,isin_not_found
UNBL.FR,UNBL.PA,FR,isin_not_found
UNSE01.ETR,UNSE01.DE,ETR,isin_not_found
VAM.NL,VAM.AS,NL,isin_not_found
VASTN.NL,VASTN.AS,NL,isin_not_found
VAMT.NL,VAMT.AS,NL,isin_not_found
VAPBS.FR,VAPBS.PA,FR,isin_not_found
VEON.NL,VEON.AS,NL,isin_not_found
VIVBS.FR,VIVBS.PA,FR,isin_not_found
VKBS.FR,VKBS.PA,FR,isin_not_found
VMGBT.FR,VMGBT.PA,FR,isin_not_found
VMGBS.FR,VMGBS.PA,FR,isin_not_found
VODS.NL,VODS.AS,NL,isin_not_found
WAF301.ETR,WAF301.DE,ETR,isin_not_found
VTSC01.ETR,VTSC01.DE,ETR,isin_not_found
WNDL20.ETR,WNDL20.DE,ETR,isin_not_found
