ID,SecType,Date,Time,Ask,Ask volume,Bid,Bid volume,Ask time,Day's high ask,Close,Currency,Day's high ask time,Day's high,ISIN,Auction price,Day's low ask,Day's low,Day's low ask time,Open,Nominal value,Last,Last volume,Trading time,Total volume,Mid price,Trading date,Profit,Current price,Related indices,Day high bid time, Day low bid time,Open Time, Last trade time, Close Time, Day high Time, Day low Time,Bid time,Auction Time
#'Unique ID','Security Type (E)quity/(I)ndex', 'System date for last received update','System time for last received update','Price of best ask order','Volume of best ask order','Price of best bid order','Volume of best bid order','Time of last ask','Day's high ask','Closing price','Currency (according to ISO 4217)','Day's high ask time','Day's high','ISIN (International Securities Identification Number)','Price at midday's auction','Lowest ask price of the current day','Lowest price of the current day','Time of lowest ask price of the current day','First price of current trading day','Nominal Value','Last trade price','Last trade volume','Time of last update (bid/ask/trade) ','Cumulative volume for current trading day','Mid price (between bid and ask)','Date of last trade','Profit','Current price','Related indices','Days high bid time', 'Days low bid time','Time of open price', 'Time of last trade', 'Time of closing price', 'Time of days high', 'Time of days low',Time of last bid update,Time when last auction price was made
AMG.NL,E,08-11-2021,09:01:00.000,,,25.340000,141,,,,,,,,,,,,,,,,09:01:00.589,,,,,,,,,,,,,,,,
AMG.NL,E,08-11-2021,09:01:00.000,,,,,,,,,,,,,,,,,,,,,,,,,,,,,,,,,,,,
AMG.NL,E,08-11-2021,09:01:00.000,,,,,,,,,,,,,,,,,,,,,,,,,,,,,,,,,,,,
AMG.NL,E,08-11-2021,09:01:00.000,,,,,,,,,,,,,,,,,,,,,,,,,,,,,,,,,,,,
AMG.NL,E,08-11-2021,09:01:00.000,,,25.340000,351,,,,,,,,,,,,,,,,09:01:00.589,,,,,,,,,,,,,,,,
AMG.NL,E,08-11-2021,09:01:00.000,,,,,,,,,,,,,,,,,,,,,,,,,,,,,,,,,,,,
AMG.NL,E,08-11-2021,09:01:00.000,25.480000,883,,,,,,,,,,,,,,,,,,09:01:00.589,,,,,,,,,,,,,,,,
AMG.NL,E,08-11-2021,09:01:00.000,,,,,,,,,,,,,,,,,,,,,,,,,,,,,,,,,,,,
AMG.NL,E,08-11-2021,09:01:00.000,25.460000,250,,,,,,,,,,,,,,,,,,09:01:00.589,,,,,,,,,,,,,,,,
AMG.NL,E,08-11-2021,09:01:00.000,,,,,,,,,,,,,,,,,,,,,,,,,,,,,,,,,,,,
AMG.NL,E,08-11-2021,09:01:00.000,25.460000,460,,,,,,,,,,,,,,,,,,09:01:00.589,,,,,,,,,,,,,,,,
AMG.NL,E,08-11-2021,09:01:00.000,,,,,,,,,,,,,,,,,,,,,,,,,,,,,,,,,,,,
AMG.NL,E,08-11-2021,09:01:00.000,25.460000,601,,,,,,,,,,,,,,,,,,09:01:00.595,,,,,,,,,,,,,,,,
AMG.NL,E,08-11-2021,09:01:00.000,,,,,,,,,,,,,,,,,,,,,,,,,,,,,,,,,,,,
AMG.NL,E,08-11-2021,09:01:00.000,,,,,,,,,,,,,,,,,,,,,,,,,,,,,,,,,,,,
BN.FR,E,08-11-2021,09:01:00.000,,,,,,,,,,,,,,,,,,57.150000,49,09:01:00.600,14745,,08-11-2021,,,,,,,09:01:00.000,,,,,,
BN.FR,E,08-11-2021,09:01:00.000,,,,,,,,,,,,,,,,,,,,,14745,,,,,,,,,,,,,,,
BN.FR,E,08-11-2021,09:01:00.000,,,,,,,,,,,,,,,,,,,,,,,,,,,,,,,,,,,,
BN.FR,E,08-11-2021,09:01:00.000,57.160000,125,,,,,,,,,,,,,,,,,,09:01:00.600,,,,,,,,,,,,,,,,
BN.FR,E,08-11-2021,09:01:00.000,,,,,,,,,,,,,,,,,,,,,,,,,,,,,,,,,,,,
BN.FR,E,08-11-2021,09:01:00.000,,,57.130000,38,,,,,,,,,,,,,,,,09:01:00.600,,,,,,,,,,,,,,,,
BN.FR,E,08-11-2021,09:01:00.000,,,,,,,,,,,,,,,,,,,,,,,,,,,,,,,,,,,,
BN.FR,E,08-11-2021,09:01:00.000,,,,,,,,,,,,,,,,,,,,,,,,,,,,,,,,,,,,
BN.FR,E,08-11-2021,09:01:00.000,,,,,,,,,,,,,,,,,,,,,,,,,,,,,,,,,,,,
BN.FR,E,08-11-2021,09:01:00.000,,,57.130000,87,,,,,,,,,,,,,,,,09:01:00.602,,,,,,,,,,,,,,,,
BN.FR,E,08-11-2021,09:01:00.000,,,,,,,,,,,,,,,,,,,,,,,,,,,,,,,,,,,,
BN.FR,E,08-11-2021,09:01:00.000,,,57.130000,49,,,,,,,,,,,,,,,,09:01:00.602,,,,,,,,,,,,,,,,
BN.FR,E,08-11-2021,09:01:00.000,,,,,,,,,,,,,,,,,,,,,,,,,,,,,,,,,,,,
BN.FR,E,08-11-2021,09:01:00.000,,,57.120000,451,,,,,,,,,,,,,,,,09:01:00.602,,,,,,,,,,,,,,,,
BN.FR,E,08-11-2021,09:01:00.000,,,,,,,,,,,,,,,,,,,,,,,,,,,,,,,,,,,,
BN.FR,E,08-11-2021,09:01:00.000,,,,,,,,,,,,,,,,,,,,,,,,,,,,,,,,,,,,
GET.FR,E,08-11-2021,09:01:00.000,,,,,,,,,,,,,,,,,,,,,,,,,,,,,,,,,,,,
BN.FR,E,08-11-2021,09:01:00.000,57.160000,275,,,,,,,,,,,,,,,,,,09:01:00.619,,,,,,,,,,,,,,,,
BN.FR,E,08-11-2021,09:01:00.000,,,,,,,,,,,,,,,,,,,,,,,,,,,,,,,,,,,,
BN.FR,E,08-11-2021,09:01:00.000,,,,,,,,,,,,,,,,,,,,,,,,,,,,,,,,,,,,
NK.FR,E,08-11-2021,09:01:00.000,,,,,,,,,,,,,,,,,,,,,,,,,,,,,,,,,,,,
GLPG.NL,E,08-11-2021,09:01:00.000,,,,,,,,,,,,,,,,,,,,,,,,,,,,,,,,,,,,
AMG.NL,E,08-11-2021,09:01:00.000,,,,,,,,,,,,,,,,,,,,,,,,,,,,,,,,,,,,
AMG.NL,E,08-11-2021,09:01:00.000,25.420000,301,,,,,,,,,,,,,,,,,,09:01:00.651,,,,,,,,,,,,,,,,
AMG.NL,E,08-11-2021,09:01:00.000,,,,,,,,,,,,,,,,,,,,,,,,,,,,,,,,,,,,
AMG.NL,E,08-11-2021,09:01:00.000,,,25.340000,141,,,,,,,,,,,,,,,,09:01:00.652,,,,,,,,,,,,,,,,
AMG.NL,E,08-11-2021,09:01:00.000,,,,,,,,,,,,,,,,,,,,,,,,,,,,,,,,,,,,
AMG.NL,E,08-11-2021,09:01:00.000,,,25.320000,540,,,,,,,,,,,,,,,,09:01:00.654,,,,,,,,,,,,,,,,
AMG.NL,E,08-11-2021,09:01:00.000,,,,,,,,,,,,,,,,,,,,,,,,,,,,,,,,,,,,
AMG.NL,E,08-11-2021,09:01:00.000,,,,,,,,,,,,,,,,,,,,,,,,,,,,,,,,,,,,
GLPG.NL,E,08-11-2021,09:01:00.000,47.015000,22,,,,,,,,,,,,,,,,,,09:01:00.654,,,,,,,,,,,,,,,,
GLPG.NL,E,08-11-2021,09:01:00.000,,,,,,,,,,,,,,,,,,,,,,,,,,,,,,,,,,,,
GLPG.NL,E,08-11-2021,09:01:00.000,,,46.830000,77,,,,,,,,,,,,,,,,09:01:00.655,,,,,,,,,,,,,,,,
GLPG.NL,E,08-11-2021,09:01:00.000,,,,,,,,,,,,,,,,,,,,,,,,,,,,,,,,,,,,
GLPG.NL,E,08-11-2021,09:01:00.000,,,,,,,,,,,,,,,,,,,,,,,,,,,,,,,,,,,,
GLPG.NL,E,08-11-2021,09:01:00.000,,,46.845000,150,,,,,,,,,,,,,,,,09:01:00.655,,,,,,,,,,,,,,,,
GLPG.NL,E,08-11-2021,09:01:00.000,,,,,,,,,,,,,,,,,,,,,,,,,,,,,,,,,,,,
GLPG.NL,E,08-11-2021,09:01:00.000,,,,,,,,,,,,,,,,,,,,,,,,,,,,,,,,,,,,
GLPG.NL,E,08-11-2021,09:01:00.000,,,,,,,,,,,,,,,,,,,,,,,,,,,,,,,,,,,,
GLPG.NL,E,08-11-2021,09:01:00.000,47.045000,19,,,,,,,,,,,,,,,,,,09:01:00.656,,,,,,,,,,,,,,,,
GLPG.NL,E,08-11-2021,09:01:00.000,,,,,,,,,,,,,,,,,,,,,,,,,,,,,,,,,,,,
GLPG.NL,E,08-11-2021,09:01:00.000,,,46.850000,53,,,,,,,,,,,,,,,,09:01:00.663,,,,,,,,,,,,,,,,
GLPG.NL,E,08-11-2021,09:01:00.000,,,,,,,,,,,,,,,,,,,,,,,,,,,,,,,,,,,,
GLPG.NL,E,08-11-2021,09:01:00.000,47.040000,22,,,,,,,,,,,,,,,,,,09:01:00.663,,,,,,,,,,,,,,,,
GLPG.NL,E,08-11-2021,09:01:00.000,,,,,,,,,,,,,,,,,,,,,,,,,,,,,,,,,,,,
GLPG.NL,E,08-11-2021,09:01:00.000,,,,,,,,,,,,,,,,,,,,,,,,,,,,,,,,,,,,
GLPG.NL,E,08-11-2021,09:01:00.000,,,46.830000,77,,,,,,,,,,,,,,,,09:01:00.663,,,,,,,,,,,,,,,,
GLPG.NL,E,08-11-2021,09:01:00.000,,,,,,,,,,,,,,,,,,,,,,,,,,,,,,,,,,,,
GLPG.NL,E,08-11-2021,09:01:00.000,,,46.845000,150,,,,,,,,,,,,,,,,09:01:00.663,,,,,,,,,,,,,,,,
GLPG.NL,E,08-11-2021,09:01:00.000,,,,,,,,,,,,,,,,,,,,,,,,,,,,,,,,,,,,
AMG.NL,E,08-11-2021,09:01:00.000,25.460000,601,,,,,,,,,,,,,,,,,,09:01:00.666,,,,,,,,,,,,,,,,
AMG.NL,E,08-11-2021,09:01:00.000,,,,,,,,,,,,,,,,,,,,,,,,,,,,,,,,,,,,
AMG.NL,E,08-11-2021,09:01:00.000,25.460000,391,,,,,,,,,,,,,,,,,,09:01:00.666,,,,,,,,,,,,,,,,
AMG.NL,E,08-11-2021,09:01:00.000,,,,,,,,,,,,,,,,,,,,,,,,,,,,,,,,,,,,
AMG.NL,E,08-11-2021,09:01:00.000,,,25.340000,141,,,,,,,,,,,,,,,,09:01:00.667,,,,,,,,,,,,,,,,
AMG.NL,E,08-11-2021,09:01:00.000,,,,,,,,,,,,,,,,,,,,,,,,,,,,,,,,,,,,
AMG.NL,E,08-11-2021,09:01:00.000,,,25.340000,371,,,,,,,,,,,,,,,,09:01:00.667,,,,,,,,,,,,,,,,
AMG.NL,E,08-11-2021,09:01:00.000,,,,,,,,,,,,,,,,,,,,,,,,,,,,,,,,,,,,
AMG.NL,E,08-11-2021,09:01:00.000,,,,,,,,,,,,,,,,,,,,,,,,,,,,,,,,,,,,
SU.FR,E,08-11-2021,09:01:00.000,,,153.160000,104,,,,,,,,,,,,,,,,09:01:00.553,,,,,,,,,,,,,,,,
SU.FR,E,08-11-2021,09:01:00.000,,,,,,,,,,,,,,,,,,,,,,,,,,,,,,,,,,,,
SU.FR,E,08-11-2021,09:01:00.000,,,,,,,,,,,,,,,,,,,,,,,,,,,,,,,,,,,,
SU.FR,E,08-11-2021,09:01:00.000,,,,,,,,,,,,,,,,,,,,,,,,,,,,,,,,,,,,
SU.FR,E,08-11-2021,09:01:00.000,153.280000,181,,,,,,,,,,,,,,,,,,09:01:00.553,,,,,,,,,,,,,,,,
SU.FR,E,08-11-2021,09:01:00.000,,,,,,,,,,,,,,,,,,,,,,,,,,,,,,,,,,,,
ALFEN.NL,E,08-11-2021,09:01:00.000,,,,,,,,,,,,,,,,,,,,,,,,,,,,,,,,,,,,
ALO.FR,E,08-11-2021,09:01:00.000,,,,,,,,,,,,,,,,,,,,,,,,,,,,,,,,,,,,
ALO.FR,E,08-11-2021,09:01:00.000,,,,,,,,,,,,,,,,,,,,,,,,,,,,,,,,,,,,
ORP.FR,E,08-11-2021,09:01:00.000,,,,,,,,,,,,,,,,,,,,,,,,,,,,,,,,,,,,
ORP.FR,E,08-11-2021,09:01:00.000,,,,,,,,,,,,,,,,,,,,,,,,,,,,,,,,,,,,
645000.ETR,E,08-11-2021,09:01:00.000,,,21.060000,140,,,,,,,,,,,,,,,,09:01:00.692,,,,,,,,,,,,,,09:01:00.692,,
BN.FR,E,08-11-2021,09:01:00.000,,,57.120000,125,,,,,,,,,,,,,,,,09:01:00.701,,,,,,,,,,,,,,,,
BN.FR,E,08-11-2021,09:01:00.000,,,,,,,,,,,,,,,,,,,,,,,,,,,,,,,,,,,,
A0CA0G.ETR,E,08-11-2021,09:01:00.000,,,97.220000,500,,,,,,,,,,,,,,,,09:01:00.702,,,,,,,,,,,,,,09:01:00.702,,
RDSA.NL,E,08-11-2021,09:01:00.000,,,,,,,,,,,,,,,,,,,,,,,,,,,,,,,,,,,,
SBMO.NL,E,08-11-2021,09:01:00.000,,,,,,,,,,,,,,,,,,,,,,,,,,,,,,,,,,,,
SBMO.NL,E,08-11-2021,09:01:00.000,,,,,,,,,,,,,,,,,,,,,,,,,,,,,,,,,,,,
RDSA.NL,E,08-11-2021,09:01:00.000,,,,,,,,,,,,,,,,,,,,,,,,,,,,,,,,,,,,
RDSA.NL,E,08-11-2021,09:01:00.000,,,,,,,,,,,,,,,,,,,,,,,,,,,,,,,,,,,,
RDSA.NL,E,08-11-2021,09:01:00.000,,,,,,,,,,,,,,,,,,,,,,,,,,,,,,,,,,,,
RDSA.NL,E,08-11-2021,09:01:00.000,,,,,,,,,,,,,,,,,,,,,,,,,,,,,,,,,,,,
RDSA.NL,E,08-11-2021,09:01:00.000,,,,,,,,,,,,,,,,,,,,,,,,,,,,,,,,,,,,
REN.NL,E,08-11-2021,09:01:00.000,27.410000,920,,,,,,,,,,,,,,,,,,09:01:00.622,,,,,,,,,,,,,,,,
REN.NL,E,08-11-2021,09:01:00.000,,,,,,,,,,,,,,,,,,,,,,,,,,,,,,,,,,,,
REN.NL,E,08-11-2021,09:01:00.000,,,,,,,,,,,,,,,,,,,,,,,,,,,,,,,,,,,,
REN.NL,E,08-11-2021,09:01:00.000,27.410000,350,,,,,,,,,,,,,,,,,,09:01:00.634,,,,,,,,,,,,,,,,
REN.NL,E,08-11-2021,09:01:00.000,,,,,,,,,,,,,,,,,,,,,,,,,,,,,,,,,,,,
REN.NL,E,08-11-2021,09:01:00.000,27.420000,1684,,,,,,,,,,,,,,,,,,09:01:00.634,,,,,,,,,,,,,,,,
REN.NL,E,08-11-2021,09:01:00.000,,,,,,,,,,,,,,,,,,,,,,,,,,,,,,,,,,,,
REN.NL,E,08-11-2021,09:01:00.000,,,,,,,,,,,,,,,,,,,,,,,,,,,,,,,,,,,,
REN.NL,E,08-11-2021,09:01:00.000,,,,,,,,,,,,,,,,,,,,,,,,,,,,,,,,,,,,
REN.NL,E,08-11-2021,09:01:00.000,,,,,,,,,,,,,,,,,,,,,,,,,,,,,,,,,,,,
REN.NL,E,08-11-2021,09:01:00.000,,,27.380000,1535,,,,,,,,,,,,,,,,09:01:00.635,,,,,,,,,,,,,,,,
REN.NL,E,08-11-2021,09:01:00.000,,,,,,,,,,,,,,,,,,,,,,,,,,,,,,,,,,,,
REN.NL,E,08-11-2021,09:01:00.000,,,27.380000,915,,,,,,,,,,,,,,,,09:01:00.637,,,,,,,,,,,,,,,,
REN.NL,E,08-11-2021,09:01:00.000,,,,,,,,,,,,,,,,,,,,,,,,,,,,,,,,,,,,
VLA.FR,E,08-11-2021,09:01:00.000,,,,,,,,,,,,,,,,,,,,,,,,,,,,,,,,,,,,
VLA.FR,E,08-11-2021,09:01:00.000,,,,,,,,,,,,,,,,,,,,,,,,,,,,,,,,,,,,
CACS.FR,I,08-11-2021,09:01:00.000,,,,,,,,,,,,,,,,,,,,,,,,,,,,,,,,,,,,
NLBM.NL,I,08-11-2021,09:01:00.000,,,,,,,,,,,,,,,,,,1719.100000,,09:01:00.306,,,,,,,,,,09:01:00.000,,,,,,
NLTEL.NL,I,08-11-2021,09:01:00.000,,,,,,,,,,,,,,,,,,1186.180000,,09:01:00.307,,,,,,,,,,09:01:00.000,,,,,,
FRBM.FR,I,08-11-2021,09:01:00.000,,,,,,,,,,,,,,,,,,2455.860000,,09:01:00.307,,,,,,,,,,09:01:00.000,,,,,,
CN20.FR,I,08-11-2021,09:01:00.000,,,,,,,,,,13397.660000,,,,,,,,13397.660000,,09:01:00.306,,,,,,,,,,09:01:00.000,,,,,,
CACMD.FR,I,08-11-2021,09:01:00.000,,,,,,,,,,15918.210000,,,,,,,,15918.210000,,09:01:00.306,,,,,,,,,,09:01:00.000,,,,,,
CN20.FR,I,08-11-2021,09:01:00.000,,,,,,,,,,13397.660000,,,,,,,,,,,,,,,,,,,,,,,,,,
CACMD.FR,I,08-11-2021,09:01:00.000,,,,,,,,,,15918.210000,,,,,,,,,,,,,,,,,,,,,,,,,,
CACMS.FR,I,08-11-2021,09:01:00.000,,,,,,,,,,,,,,,,,,,,,,,,,,,,,,,,,,,,
PAX.FR,I,08-11-2021,09:01:00.000,,,,,,,,,,8915.140000,,,,,,,,8915.140000,,09:01:00.306,,,,,,,,,,09:01:00.000,,,,,,
PAX.FR,I,08-11-2021,09:01:00.000,,,,,,,,,,8915.140000,,,,,,,,,,,,,,,,,,,,,,,,,,
NLOG.NL,I,08-11-2021,09:01:00.000,,,,,,,,,,,,,,,,,,734.290000,,09:01:00.306,,,,,,,,,,09:01:00.000,,,,,,
NLIN.NL,I,08-11-2021,09:01:00.000,,,,,,,,,,,,,,,,,,2948.860000,,09:01:00.306,,,,,,,,,,09:01:00.000,,,,,,
NLHC.NL,I,08-11-2021,09:01:00.000,,,,,,,,,,2352.650000,,,,,,,,2352.650000,,09:01:00.307,,,,,,,,,,09:01:00.000,,,,,,
NLCS.NL,I,08-11-2021,09:01:00.000,,,,,,,,,,,,,,3058.670000,,,,3058.670000,,09:01:00.307,,,,,,,,,,09:01:00.000,,,,,,
NLHC.NL,I,08-11-2021,09:01:00.000,,,,,,,,,,2352.650000,,,,,,,,,,,,,,,,,,,,,,,,,,
NLCS.NL,I,08-11-2021,09:01:00.000,,,,,,,,,,,,,,3058.670000,,,,,,,,,,,,,,,,,,,,,,
NLFIN.NL,I,08-11-2021,09:01:00.000,,,,,,,,,,,,,,647.420000,,,,647.420000,,09:01:00.307,,,,,,,,,,09:01:00.000,,,,,,
NLTEC.NL,I,08-11-2021,09:01:00.000,,,,,,,,,,,,,,,,,,10333.230000,,09:01:00.307,,,,,,,,,,09:01:00.000,,,,,,
NLFIN.NL,I,08-11-2021,09:01:00.000,,,,,,,,,,,,,,647.420000,,,,,,,,,,,,,,,,,,,,,,
FROG.FR,I,08-11-2021,09:01:00.000,,,,,,,,,,,,,,753.880000,,,,753.880000,,09:01:00.307,,,,,,,,,,09:01:00.000,,,,,,
VLA.FR,E,08-11-2021,09:01:00.000,,,,,,,,,,,,,,,,,,17.090000,46,09:01:00.580,230730,,08-11-2021,,,,,,,09:01:00.000,,,,,,
VLA.FR,E,08-11-2021,09:01:00.000,,,,,,,,,,,,,,,,,,,,,230730,,,,,,,,,,,,,,,
FRIN.FR,I,08-11-2021,09:01:00.000,,,,,,,,,,2547.930000,,,,,,,,2547.930000,,09:01:00.307,,,,,,,,,,09:01:00.000,,,,,,
FRHC.FR,I,08-11-2021,09:01:00.000,,,,,,,,,,2254.960000,,,,,,,,2254.960000,,09:01:00.307,,,,,,,,,,09:01:00.000,,,,,,
FRCS.FR,I,08-11-2021,09:01:00.000,,,,,,,,,,,,,,,,,,1150.170000,,09:01:00.307,,,,,,,,,,09:01:00.000,,,,,,
FROG.FR,I,08-11-2021,09:01:00.000,,,,,,,,,,,,,,753.880000,,,,,,,,,,,,,,,,,,,,,,
FRIN.FR,I,08-11-2021,09:01:00.000,,,,,,,,,,2547.930000,,,,,,,,,,,,,,,,,,,,,,,,,,
FRTEL.FR,I,08-11-2021,09:01:00.000,,,,,,,,,,707.040000,,,,,,,,707.040000,,09:01:00.307,,,,,,,,,,09:01:00.000,,,,,,
FRHC.FR,I,08-11-2021,09:01:00.000,,,,,,,,,,2254.960000,,,,,,,,,,,,,,,,,,,,,,,,,,
FRFIN.FR,I,08-11-2021,09:01:00.000,,,,,,,,,,,,,,,,,,937.320000,,09:01:00.307,,,,,,,,,,09:01:00.000,,,,,,
FRTEC.FR,I,08-11-2021,09:01:00.000,,,,,,,,,,,,,,,,,,2376.100000,,09:01:00.307,,,,,,,,,,09:01:00.000,,,,,,
FRTEL.FR,I,08-11-2021,09:01:00.000,,,,,,,,,,707.040000,,,,,,,,,,,,,,,,,,,,,,,,,,
CACXB.FR,I,08-11-2021,09:01:00.000,,,,,,,,,,,,,,5.966000,,,,5.966000,,09:01:00.308,,,,,,,,,,09:01:00.000,,,,,,
CACXB.FR,I,08-11-2021,09:01:00.000,,,,,,,,,,,,,,5.966000,,,,,,,,,,,,,,,,,,,,,,
LC1GR.NL,I,08-11-2021,09:01:00.000,,,,,,,,,,,,,,,,,,253.410000,,09:01:00.308,,,,,,,,,,09:01:00.000,,,,,,
PX1NR.FR,I,08-11-2021,09:01:00.000,,,,,,,,,,15256.110000,,,,,,,,15256.110000,,09:01:00.308,,,,,,,,,,09:01:00.000,,,,,,
FRUT.FR,I,08-11-2021,09:01:00.000,,,,,,,,,,659.700000,,,,,,,,659.700000,,09:01:00.307,,,,,,,,,,09:01:00.000,,,,,,
FRUT.FR,I,08-11-2021,09:01:00.000,,,,,,,,,,659.700000,,,,,,,,,,,,,,,,,,,,,,,,,,
CACSH.FR,I,08-11-2021,09:01:00.000,,,,,,,,,,,,,,130.785000,,,,130.785000,,09:01:00.308,,,,,,,,,,09:01:00.000,,,,,,
CACSH.FR,I,08-11-2021,09:01:00.000,,,,,,,,,,,,,,130.785000,,,,,,,,,,,,,,,,,,,,,,
AEXSH.NL,I,08-11-2021,09:01:00.000,,,,,,,,,,,,,,,,,,124.147000,,09:01:00.308,,,,,,,,,,09:01:00.000,,,,,,
AEXXB.NL,I,08-11-2021,09:01:00.000,,,,,,,,,,,,,,,,,,6.095000,,09:01:00.308,,,,,,,,,,09:01:00.000,,,,,,
LC100.NL,I,08-11-2021,09:01:00.000,,,,,,,,,,,,,,,,,,154.440000,,09:01:00.308,,,,,,,,,,09:01:00.000,,,,,,
LC1NR.NL,I,08-11-2021,09:01:00.000,,,,,,,,,,,,,,,,,,231.210000,,09:01:00.308,,,,,,,,,,09:01:00.000,,,,,,
CACMR.FR,I,08-11-2021,09:01:00.000,,,,,,,,,,29718.160000,,,,,,,,29718.160000,,09:01:00.308,,,,,,,,,,09:01:00.000,,,,,,
CACMR.FR,I,08-11-2021,09:01:00.000,,,,,,,,,,29718.160000,,,,,,,,,,,,,,,,,,,,,,,,,,
AEX2S.NL,I,08-11-2021,09:01:00.000,,,,,,,,,,,,,,,,,,6.028000,,09:01:00.308,,,,,,,,,,09:01:00.000,,,,,,
BNP.FR,E,08-11-2021,09:01:00.000,,,,,,,,,,,,,,,,,,,,,,,,,,,,,,,,,,,,
AEXEW.NL,I,08-11-2021,09:01:00.000,,,,,,,,,,3439.960000,,,,,,,,3439.960000,,09:01:00.308,,,,,,,,,,09:01:00.000,,,,,,
AEXEW.NL,I,08-11-2021,09:01:00.000,,,,,,,,,,3439.960000,,,,,,,,,,,,,,,,,,,,,,,,,,
NAOIN.FR,I,08-11-2021,09:01:00.000,,,,,,,,,,,,,,1445.450000,,,,1445.450000,,09:01:00.309,,,,,,,,,,09:01:00.000,,,,,,
NAOIN.FR,I,08-11-2021,09:01:00.000,,,,,,,,,,,,,,1445.450000,,,,,,,,,,,,,,,,,,,,,,
AMXGR.NL,I,08-11-2021,09:01:00.000,,,,,,,,,,3450.910000,,,,,,,,3450.910000,,09:01:00.309,,,,,,,,,,09:01:00.000,,,,,,
ASCXG.NL,I,08-11-2021,09:01:00.000,,,,,,,,,,,,,,2347.230000,,,,2347.230000,,09:01:00.309,,,,,,,,,,09:01:00.000,,,,,,
AMXGR.NL,I,08-11-2021,09:01:00.000,,,,,,,,,,3450.910000,,,,,,,,,,,,,,,,,,,,,,,,,,
ASCXG.NL,I,08-11-2021,09:01:00.000,,,,,,,,,,,,,,2347.230000,,,,,,,,,,,,,,,,,,,,,,
AEXNR.NL,I,08-11-2021,09:01:00.000,,,,,,,,,,,,,,,,,,2566.440000,,09:01:00.309,,,,,,,,,,09:01:00.000,,,,,,
AMXNR.NL,I,08-11-2021,09:01:00.000,,,,,,,,,,3015.660000,,,,,,,,3015.660000,,09:01:00.310,,,,,,,,,,09:01:00.000,,,,,,
AMXNR.NL,I,08-11-2021,09:01:00.000,,,,,,,,,,3015.660000,,,,,,,,,,,,,,,,,,,,,,,,,,
CACEG.FR,I,08-11-2021,09:01:00.000,,,,,,,,,,3910.430000,,,,,,,,3910.430000,,09:01:00.310,,,,,,,,,,09:01:00.000,,,,,,
AEXEG.NL,I,08-11-2021,09:01:00.000,,,,,,,,,,5072.920000,,,,,,,,5072.920000,,09:01:00.310,,,,,,,,,,09:01:00.000,,,,,,
CACEG.FR,I,08-11-2021,09:01:00.000,,,,,,,,,,3910.430000,,,,,,,,,,,,,,,,,,,,,,,,,,
CACLG.FR,I,08-11-2021,09:01:00.000,,,,,,,,,,7719.420000,,,,,,,,7719.420000,,09:01:00.310,,,,,,,,,,09:01:00.000,,,,,,
AEXEG.NL,I,08-11-2021,09:01:00.000,,,,,,,,,,5072.920000,,,,,,,,,,,,,,,,,,,,,,,,,,
CAR.FR,I,08-11-2021,09:01:00.000,,,,,,,,,,12926.920000,,,,,,,,12926.920000,,09:01:00.310,,,,,,,,,,09:01:00.000,,,,,,
CACLG.FR,I,08-11-2021,09:01:00.000,,,,,,,,,,7719.420000,,,,,,,,,,,,,,,,,,,,,,,,,,
CAR.FR,I,08-11-2021,09:01:00.000,,,,,,,,,,12926.920000,,,,,,,,,,,,,,,,,,,,,,,,,,
FRTEN.FR,I,08-11-2021,09:01:00.000,,,,,,,,,,1558.540000,,,,,,,,1558.540000,,09:01:00.310,,,,,,,,,,09:01:00.000,,,,,,
FRBMN.FR,I,08-11-2021,09:01:00.000,,,,,,,,,,,,,,,,,,3327.980000,,09:01:00.310,,,,,,,,,,09:01:00.000,,,,,,
FRUTN.FR,I,08-11-2021,09:01:00.000,,,,,,,,,,1152.870000,,,,,,,,1152.870000,,09:01:00.310,,,,,,,,,,09:01:00.000,,,,,,
CN20N.FR,I,08-11-2021,09:01:00.000,,,,,,,,,,20347.700000,,,,,,,,20347.700000,,09:01:00.310,,,,,,,,,,09:01:00.000,,,,,,
FRTEN.FR,I,08-11-2021,09:01:00.000,,,,,,,,,,1558.540000,,,,,,,,,,,,,,,,,,,,,,,,,,
FRCSN.FR,I,08-11-2021,09:01:00.000,,,,,,,,,,,,,,,,,,1738.130000,,09:01:00.310,,,,,,,,,,09:01:00.000,,,,,,
FRUTN.FR,I,08-11-2021,09:01:00.000,,,,,,,,,,1152.870000,,,,,,,,,,,,,,,,,,,,,,,,,,
CN20N.FR,I,08-11-2021,09:01:00.000,,,,,,,,,,20347.700000,,,,,,,,,,,,,,,,,,,,,,,,,,
OCI.NL,E,08-11-2021,09:01:00.000,,,,,,,,,,,,,,,,,,,,,,,,,,,,,,,,,,,,
PX1GR.FR,I,08-11-2021,09:01:00.000,,,,,,,,,,20020.060000,,,,,,,,20020.060000,,09:01:00.308,,,,,,,,,,09:01:00.000,,,,,,
PX1NR.FR,I,08-11-2021,09:01:00.000,,,,,,,,,,15256.110000,,,,,,,,,,,,,,,,,,,,,,,,,,
PX1GR.FR,I,08-11-2021,09:01:00.000,,,,,,,,,,20020.060000,,,,,,,,,,,,,,,,,,,,,,,,,,
AEXGR.NL,I,08-11-2021,09:01:00.000,,,,,,,,,,,,,,,,,,2961.540000,,09:01:00.308,,,,,,,,,,09:01:00.000,,,,,,
CAC2S.FR,I,08-11-2021,09:01:00.000,,,,,,,,,,,,,,6.010000,,,,6.010000,,09:01:00.308,,,,,,,,,,09:01:00.000,,,,,,
CAC2S.FR,I,08-11-2021,09:01:00.000,,,,,,,,,,,,,,6.010000,,,,,,,,,,,,,,,,,,,,,,
CACEW.FR,I,08-11-2021,09:01:00.000,,,,,,,,,,2627.420000,,,,,,,,2627.420000,,09:01:00.309,,,,,,,,,,09:01:00.000,,,,,,
CACEW.FR,I,08-11-2021,09:01:00.000,,,,,,,,,,2627.420000,,,,,,,,,,,,,,,,,,,,,,,,,,
REITG.FR,I,08-11-2021,09:01:00.000,,,,,,,,,,3951.100000,,,,,,,,3951.100000,,09:01:00.309,,,,,,,,,,09:01:00.000,,,,,,
REITG.FR,I,08-11-2021,09:01:00.000,,,,,,,,,,3951.100000,,,,,,,,,,,,,,,,,,,,,,,,,,
NAOII.FR,I,08-11-2021,09:01:00.000,,,,,,,,,,,,,,1370.150000,,,,1370.150000,,09:01:00.309,,,,,,,,,,09:01:00.000,,,,,,
NAOII.FR,I,08-11-2021,09:01:00.000,,,,,,,,,,,,,,1370.150000,,,,,,,,,,,,,,,,,,,,,,
UNA.NL,E,08-11-2021,09:01:00.000,,,,,,,,,,,,,,,,,,,,,,,,,,,,,,,,,,,,
ASCXN.NL,I,08-11-2021,09:01:00.000,,,,,,,,,,,,,,2170.890000,,,,2170.890000,,09:01:00.310,,,,,,,,,,09:01:00.000,,,,,,
CACEN.FR,I,08-11-2021,09:01:00.000,,,,,,,,,,3532.800000,,,,,,,,3532.800000,,09:01:00.310,,,,,,,,,,09:01:00.000,,,,,,
ASCXN.NL,I,08-11-2021,09:01:00.000,,,,,,,,,,,,,,2170.890000,,,,,,,,,,,,,,,,,,,,,,
AEXEN.NL,I,08-11-2021,09:01:00.000,,,,,,,,,,4733.610000,,,,,,,,4733.610000,,09:01:00.310,,,,,,,,,,09:01:00.000,,,,,,
CACEN.FR,I,08-11-2021,09:01:00.000,,,,,,,,,,3532.800000,,,,,,,,,,,,,,,,,,,,,,,,,,
AEXEN.NL,I,08-11-2021,09:01:00.000,,,,,,,,,,4733.610000,,,,,,,,,,,,,,,,,,,,,,,,,,
CACLN.FR,I,08-11-2021,09:01:00.000,,,,,,,,,,11638.270000,,,,,,,,11638.270000,,09:01:00.310,,,,,,,,,,09:01:00.000,,,,,,
CACLN.FR,I,08-11-2021,09:01:00.000,,,,,,,,,,11638.270000,,,,,,,,,,,,,,,,,,,,,,,,,,
AEXNL.NL,I,08-11-2021,09:01:00.000,,,,,,,,,,,,,,,,,,7092.441000,,09:01:00.310,,,,,,,,,,09:01:00.000,,,,,,
FRTCN.FR,I,08-11-2021,09:01:00.000,,,,,,,,,,,,,,,,,,2881.160000,,09:01:00.310,,,,,,,,,,09:01:00.000,,,,,,
FRCGN.FR,I,08-11-2021,09:01:00.000,,,,,,,,,,,,,,6952.170000,,,,6952.170000,,09:01:00.310,,,,,,,,,,09:01:00.000,,,,,,
N100G.FR,I,08-11-2021,09:01:00.000,,,,,,,,,,,,,,,,,,2666.890000,,09:01:00.310,,,,,,,,,,09:01:00.000,,,,,,
FRCGN.FR,I,08-11-2021,09:01:00.000,,,,,,,,,,,,,,6952.170000,,,,,,,,,,,,,,,,,,,,,,
FRFNN.FR,I,08-11-2021,09:01:00.000,,,,,,,,,,,,,,,,,,1540.690000,,09:01:00.310,,,,,,,,,,09:01:00.000,,,,,,
NLING.NL,I,08-11-2021,09:01:00.000,,,,,,,,,,,,,,,,,,4399.500000,,09:01:00.310,,,,,,,,,,09:01:00.000,,,,,,
NLOGG.NL,I,08-11-2021,09:01:00.000,,,,,,,,,,,,,,,,,,1649.900000,,09:01:00.310,,,,,,,,,,09:01:00.000,,,,,,
NLTLG.NL,I,08-11-2021,09:01:00.000,,,,,,,,,,,,,,,,,,2243.410000,,09:01:00.310,,,,,,,,,,09:01:00.000,,,,,,
BFIT.NL,E,08-11-2021,09:01:00.000,,,48.560000,87,,,,,,,,,,,,,,,,09:01:00.637,,,,,,,,,,,,,,,,
BFIT.NL,E,08-11-2021,09:01:00.000,,,,,,,,,,,,,,,,,,,,,,,,,,,,,,,,,,,,
BFIT.NL,E,08-11-2021,09:01:00.000,,,48.580000,146,,,,,,,,,,,,,,,,09:01:00.639,,,,,,,,,,,,,,,,
BFIT.NL,E,08-11-2021,09:01:00.000,,,,,,,,,,,,,,,,,,,,,,,,,,,,,,,,,,,,
BFIT.NL,E,08-11-2021,09:01:00.000,,,,,,,,,,,,,,,,,,,,,,,,,,,,,,,,,,,,
NLBMG.NL,I,08-11-2021,09:01:00.000,,,,,,,,,,,,,,,,,,2499.740000,,09:01:00.310,,,,,,,,,,09:01:00.000,,,,,,
BFIT.NL,E,08-11-2021,09:01:00.000,,,48.600000,87,,,,,,,,,,,,,,,,09:01:00.641,,,,,,,,,,,,,,,,
BFIT.NL,E,08-11-2021,09:01:00.000,,,,,,,,,,,,,,,,,,,,,,,,,,,,,,,,,,,,
BFIT.NL,E,08-11-2021,09:01:00.000,,,,,,,,,,,,,,,,,,,,,,,,,,,,,,,,,,,,
VLA.FR,E,08-11-2021,09:01:00.000,,,,,,,,,,,,,,,,,,,,,,,,,,,,,,,,,,,,
BFIT.NL,E,08-11-2021,09:01:00.000,,,48.620000,146,,,,,,,,,,,,,,,,09:01:00.642,,,,,,,,,,,,,,,,
BFIT.NL,E,08-11-2021,09:01:00.000,,,,,,,,,,,,,,,,,,,,,,,,,,,,,,,,,,,,
BFIT.NL,E,08-11-2021,09:01:00.000,,,,,,,,,,,,,,,,,,,,,,,,,,,,,,,,,,,,
BFIT.NL,E,08-11-2021,09:01:00.000,,,,,,,,,,,,,,,,,,,,,,,,,,,,,,,,,,,,
VLA.FR,E,08-11-2021,09:01:00.000,17.150000,662,,,,,,,,,,,,,,,,,,09:01:00.644,,,,,,,,,,,,,,,,
VLA.FR,E,08-11-2021,09:01:00.000,,,,,,,,,,,,,,,,,,,,,,,,,,,,,,,,,,,,
BFIT.NL,E,08-11-2021,09:01:00.000,,,48.560000,146,,,,,,,,,,,,,,,,09:01:00.643,,,,,,,,,,,,,,,,
BFIT.NL,E,08-11-2021,09:01:00.000,,,,,,,,,,,,,,,,,,,,,,,,,,,,,,,,,,,,
BFIT.NL,E,08-11-2021,09:01:00.000,,,,,,,,,,,,,,,,,,,,,,,,,,,,,,,,,,,,
VLA.FR,E,08-11-2021,09:01:00.000,,,,,,,,,,,,,,,,,,,,,,,,,,,,,,,,,,,,
VLA.FR,E,08-11-2021,09:01:00.000,,,,,,,,,,,,,,,,,,,,,,,,,,,,,,,,,,,,
VLA.FR,E,08-11-2021,09:01:00.000,,,17.090000,400,,,,,,,,,,,,,,,,09:01:00.644,,,,,,,,,,,,,,,,
VLA.FR,E,08-11-2021,09:01:00.000,,,,,,,,,,,,,,,,,,,,,,,,,,,,,,,,,,,,
VLA.FR,E,08-11-2021,09:01:00.000,,,,,,,,,,,,,,,,,,,,,,,,,,,,,,,,,,,,
VLA.FR,E,08-11-2021,09:01:00.000,,,,,,,,,,,,,,,,,,,,,,,,,,,,,,,,,,,,
VLA.FR,E,08-11-2021,09:01:00.000,,,,,,,,,,,,,,,,,,,,,,,,,,,,,,,,,,,,
VLA.FR,E,08-11-2021,09:01:00.000,17.160000,272,,,,,,,,,,,,,,,,,,09:01:00.644,,,,,,,,,,,,,,,,
VLA.FR,E,08-11-2021,09:01:00.000,,,,,,,,,,,,,,,,,,,,,,,,,,,,,,,,,,,,
VLA.FR,E,08-11-2021,09:01:00.000,,,,,,,,,,,,,,,,,,,,,,,,,,,,,,,,,,,,
VLA.FR,E,08-11-2021,09:01:00.000,,,,,,,,,,,,,,,,,,,,,,,,,,,,,,,,,,,,
VLA.FR,E,08-11-2021,09:01:00.000,,,,,,,,,,,,,,,,,,,,,,,,,,,,,,,,,,,,
VLA.FR,E,08-11-2021,09:01:00.000,,,,,,,,,,,,,,,,,,,,,,,,,,,,,,,,,,,,
VLA.FR,E,08-11-2021,09:01:00.000,,,,,,,,,,,,,,,,,,17.150000,662,09:01:00.644,231392,,08-11-2021,,,,,,,09:01:00.000,,,,,,
VLA.FR,E,08-11-2021,09:01:00.000,,,,,,,,,,,,,,,,,,,,,231392,,,,,,,,,,,,,,,
AEX3L.NL,I,08-11-2021,09:01:00.000,,,,,,,,,,,,,,,,,,257987.521000,,09:01:00.310,,,,,,,,,,09:01:00.000,,,,,,
AEX6L.NL,I,08-11-2021,09:01:00.000,,,,,,,,,,,,,,,,,,817140.407000,,09:01:00.310,,,,,,,,,,09:01:00.000,,,,,,
AEX5S.NL,I,08-11-2021,09:01:00.000,,,,,,,,,,,,,,,,,,2367.589000,,09:01:00.311,,,,,,,,,,09:01:00.000,,,,,,
VLA.FR,E,08-11-2021,09:01:00.000,,,,,,,,,,,,,,,,,,,,,,,,,,,,,,,,,,,,
VLA.FR,E,08-11-2021,09:01:00.000,,,,,,,,,,,,,,,,,,,,,,,,,,,,,,,,,,,,
VLA.FR,E,08-11-2021,09:01:00.000,,,,,,,,,,,,,,,,,,,,,,,,,,,,,,,,,,,,
VLA.FR,E,08-11-2021,09:01:00.000,,,,,,,,,,,,,,,,,,,,,,,,,,,,,,,,,,,,
VLA.FR,E,08-11-2021,09:01:00.000,,,,,,,,,,,,,,,,,,,,,,,,,,,,,,,,,,,,
VLA.FR,E,08-11-2021,09:01:00.000,17.110000,284,,,,,,,,,,,,,,,,,,09:01:00.648,,,,,,,,,,,,,,,,
VLA.FR,E,08-11-2021,09:01:00.000,,,,,,,,,,,,,,,,,,,,,,,,,,,,,,,,,,,,
VLA.FR,E,08-11-2021,09:01:00.000,,,,,,,,,,,,,,,,,,,,,,,,,,,,,,,,,,,,
VLA.FR,E,08-11-2021,09:01:00.000,,,,,,,,,,,,,,,,,,,,,,,,,,,,,,,,,,,,
VLA.FR,E,08-11-2021,09:01:00.000,17.160000,272,,,,,,,,,,,,,,,,,,09:01:00.648,,,,,,,,,,,,,,,,
VLA.FR,E,08-11-2021,09:01:00.000,,,,,,,,,,,,,,,,,,,,,,,,,,,,,,,,,,,,
VLA.FR,E,08-11-2021,09:01:00.000,,,,,,,,,,,,,,,,,,17.110000,284,09:01:00.648,231676,,08-11-2021,,,,,,,09:01:00.000,,,,,,
VLA.FR,E,08-11-2021,09:01:00.000,,,,,,,,,,,,,,,,,,,,,231676,,,,,,,,,,,,,,,
VLA.FR,E,08-11-2021,09:01:00.000,17.130000,1507,,,,,,,,,,,,,,,,,,09:01:00.649,,,,,,,,,,,,,,,,
VLA.FR,E,08-11-2021,09:01:00.000,,,,,,,,,,,,,,,,,,,,,,,,,,,,,,,,,,,,
VLA.FR,E,08-11-2021,09:01:00.000,,,17.080000,486,,,,,,,,,,,,,,,,09:01:00.649,,,,,,,,,,,,,,,,
VLA.FR,E,08-11-2021,09:01:00.000,,,,,,,,,,,,,,,,,,,,,,,,,,,,,,,,,,,,
BFIT.NL,E,08-11-2021,09:01:00.000,,,48.580000,87,,,,,,,,,,,,,,,,09:01:00.649,,,,,,,,,,,,,,,,
BFIT.NL,E,08-11-2021,09:01:00.000,,,,,,,,,,,,,,,,,,,,,,,,,,,,,,,,,,,,
VLA.FR,E,08-11-2021,09:01:00.000,,,,,,,,,,,,,,,,,,,,,,,,,,,,,,,,,,,,
VLA.FR,E,08-11-2021,09:01:00.000,,,,,,,,,,,,,,,,,,,,,,,,,,,,,,,,,,,,
VLA.FR,E,08-11-2021,09:01:00.000,,,,,,,,,,,,,,,,,,,,,,,,,,,,,,,,,,,,
VLA.FR,E,08-11-2021,09:01:00.000,,,,,,,,,,,,,,,,,,,,,,,,,,,,,,,,,,,,
BFIT.NL,E,08-11-2021,09:01:00.000,,,48.600000,146,,,,,,,,,,,,,,,,09:01:00.650,,,,,,,,,,,,,,,,
BFIT.NL,E,08-11-2021,09:01:00.000,,,,,,,,,,,,,,,,,,,,,,,,,,,,,,,,,,,,
BFIT.NL,E,08-11-2021,09:01:00.000,,,,,,,,,,,,,,,,,,,,,,,,,,,,,,,,,,,,
BFIT.NL,E,08-11-2021,09:01:00.000,,,,,,,,,,,,,,,,,,,,,,,,,,,,,,,,,,,,
VLA.FR,E,08-11-2021,09:01:00.000,17.110000,298,,,,,,,,,,,,,,,,,,09:01:00.651,,,,,,,,,,,,,,,,
VLA.FR,E,08-11-2021,09:01:00.000,,,,,,,,,,,,,,,,,,,,,,,,,,,,,,,,,,,,
VLA.FR,E,08-11-2021,09:01:00.000,,,,,,,,,,,,,,,,,,,,,,,,,,,,,,,,,,,,
VLA.FR,E,08-11-2021,09:01:00.000,,,,,,,,,,,,,,,,,,,,,,,,,,,,,,,,,,,,
BFIT.NL,E,08-11-2021,09:01:00.000,,,48.560000,146,,,,,,,,,,,,,,,,09:01:00.651,,,,,,,,,,,,,,,,
BFIT.NL,E,08-11-2021,09:01:00.000,,,,,,,,,,,,,,,,,,,,,,,,,,,,,,,,,,,,
BFIT.NL,E,08-11-2021,09:01:00.000,,,,,,,,,,,,,,,,,,,,,,,,,,,,,,,,,,,,
ENVEG.NL,I,08-11-2021,09:01:00.000,,,,,,,,,,2657.530000,,,,,,,,2657.530000,,09:01:00.311,,,,,,,,,,09:01:00.000,,,,,,
ENVEG.NL,I,08-11-2021,09:01:00.000,,,,,,,,,,2657.530000,,,,,,,,,,,,,,,,,,,,,,,,,,
ENVG.NL,I,08-11-2021,09:01:00.000,,,,,,,,,,,,,,,,,,4687.240000,,09:01:00.311,,,,,,,,,,09:01:00.000,,,,,,
VLA.FR,E,08-11-2021,09:01:00.000,17.110000,713,,,,,,,,,,,,,,,,,,09:01:00.654,,,,,,,,,,,,,,,,
VLA.FR,E,08-11-2021,09:01:00.000,,,,,,,,,,,,,,,,,,,,,,,,,,,,,,,,,,,,
VLA.FR,E,08-11-2021,09:01:00.000,,,,,,,,,,,,,,,,,,,,,,,,,,,,,,,,,,,,
NLFNG.NL,I,08-11-2021,09:01:00.000,,,,,,,,,,,,,,1205.820000,,,,1205.820000,,09:01:00.310,,,,,,,,,,09:01:00.000,,,,,,
FRINN.FR,I,08-11-2021,09:01:00.000,,,,,,,,,,3492.480000,,,,,,,,3492.480000,,09:01:00.310,,,,,,,,,,09:01:00.000,,,,,,
NLHCG.NL,I,08-11-2021,09:01:00.000,,,,,,,,,,2939.800000,,,,,,,,2939.800000,,09:01:00.310,,,,,,,,,,09:01:00.000,,,,,,
NLFNG.NL,I,08-11-2021,09:01:00.000,,,,,,,,,,,,,,1205.820000,,,,,,,,,,,,,,,,,,,,,,
FRINN.FR,I,08-11-2021,09:01:00.000,,,,,,,,,,3492.480000,,,,,,,,,,,,,,,,,,,,,,,,,,
NLHCG.NL,I,08-11-2021,09:01:00.000,,,,,,,,,,2939.800000,,,,,,,,,,,,,,,,,,,,,,,,,,
AEX5L.NL,I,08-11-2021,09:01:00.000,,,,,,,,,,,,,,,,,,201761.310000,,09:01:00.310,,,,,,,,,,09:01:00.000,,,,,,
AEX7L.NL,I,08-11-2021,09:01:00.000,,,,,,,,,,,,,,,,,,183623.445000,,09:01:00.311,,,,,,,,,,09:01:00.000,,,,,,
AEX4S.NL,I,08-11-2021,09:01:00.000,,,,,,,,,,,,,,,,,,128.235000,,09:01:00.311,,,,,,,,,,09:01:00.000,,,,,,
CGG.FR,E,08-11-2021,09:01:00.000,,,,,,,,,,,,,,,,,,,,,,,,,,,,,,,,,,,,
CGG.FR,E,08-11-2021,09:01:00.000,,,,,,,,,,,,,,,,,,,,,,,,,,,,,,,,,,,,
FLOW.NL,E,08-11-2021,09:01:00.000,,,,,,,,,,,,,,,,,,,,,,,,,,,,,,,,,,,,
ENVEU.NL,I,08-11-2021,09:01:00.000,,,,,,,,,,1830.610000,,,,,,,,1830.610000,,09:01:00.311,,,,,,,,,,09:01:00.000,,,,,,
ENVF.NL,I,08-11-2021,09:01:00.000,,,,,,,,,,1542.450000,,,,,,,,1542.450000,,09:01:00.311,,,,,,,,,,09:01:00.000,,,,,,
ENVEU.NL,I,08-11-2021,09:01:00.000,,,,,,,,,,1830.610000,,,,,,,,,,,,,,,,,,,,,,,,,,
ENVFN.NL,I,08-11-2021,09:01:00.000,,,,,,,,,,2005.520000,,,,,,,,2005.520000,,09:01:00.311,,,,,,,,,,09:01:00.000,,,,,,
ENVF.NL,I,08-11-2021,09:01:00.000,,,,,,,,,,1542.450000,,,,,,,,,,,,,,,,,,,,,,,,,,
ENVUK.NL,I,08-11-2021,09:01:00.000,,,,,,,,,,,,,,,,,,1396.550000,,09:01:00.311,,,,,,,,,,09:01:00.000,,,,,,
ENVFN.NL,I,08-11-2021,09:01:00.000,,,,,,,,,,2005.520000,,,,,,,,,,,,,,,,,,,,,,,,,,
ENVUN.NL,I,08-11-2021,09:01:00.000,,,,,,,,,,,,,,,,,,2010.860000,,09:01:00.311,,,,,,,,,,09:01:00.000,,,,,,
ENVU.NL,I,08-11-2021,09:01:00.000,,,,,,,,,,,,,,,,,,3559.630000,,09:01:00.311,,,,,,,,,,09:01:00.000,,,,,,
NLCG.NL,I,08-11-2021,09:01:00.000,,,,,,,,,,,,,,,,,,3105.610000,,09:01:00.307,,,,,,,,,,09:01:00.000,,,,,,
PNL.NL,E,08-11-2021,09:01:00.000,,,,,,,,,,,,,,,,,,3.734000,948,09:01:00.589,450975,,08-11-2021,,,,,,,09:01:00.000,,,,,,
PNL.NL,E,08-11-2021,09:01:00.000,,,,,,,,,,,,,,,,,,,,,450975,,,,,,,,,,,,,,,
PNL.NL,E,08-11-2021,09:01:00.000,,,,,,,,,,,,,,,,,,3.734000,608,09:01:00.589,451583,,08-11-2021,,,,,,,09:01:00.000,,,,,,
PNL.NL,E,08-11-2021,09:01:00.000,,,,,,,,,,,,,,,,,,,,,451583,,,,,,,,,,,,,,,
PNL.NL,E,08-11-2021,09:01:00.000,,,,,,,,,,,,,,,,,,3.734000,7757,09:01:00.589,459340,,08-11-2021,,,,,,,09:01:00.000,,,,,,
PNL.NL,E,08-11-2021,09:01:00.000,,,,,,,,,,,,,,,,,,,,,459340,,,,,,,,,,,,,,,
PNL.NL,E,08-11-2021,09:01:00.000,,,,,,,,,,,,,,,,,,3.734000,5331,09:01:00.589,464671,,08-11-2021,,,,,,,09:01:00.000,,,,,,
PNL.NL,E,08-11-2021,09:01:00.000,,,,,,,,,,,,,,,,,,,,,464671,,,,,,,,,,,,,,,
PNL.NL,E,08-11-2021,09:01:00.000,,,,,,,,,,,,,,,,,,3.734000,3243,09:01:00.589,467914,,08-11-2021,,,,,,,09:01:00.000,,,,,,
PNL.NL,E,08-11-2021,09:01:00.000,,,,,,,,,,,,,,,,,,,,,467914,,,,,,,,,,,,,,,
PNL.NL,E,08-11-2021,09:01:00.000,,,,,,,,,,,,,,,,,,,,,,,,,,,,,,,,,,,,
PNL.NL,E,08-11-2021,09:01:00.000,,,,,,,,,,,,,,,,,,,,,,,,,,,,,,,,,,,,
PNL.NL,E,08-11-2021,09:01:00.000,,,3.734000,16939,,,,,,,,,,,,,,,,09:01:00.589,,,,,,,,,,,,,,,,
PNL.NL,E,08-11-2021,09:01:00.000,3.737000,1500,,,,,,,,,,,,,,,,,,09:01:00.589,,,,,,,,,,,,,,,,
PNL.NL,E,08-11-2021,09:01:00.000,,,,,,,,,,,,,,,,,,,,,,,,,,,,,,,,,,,,
PNL.NL,E,08-11-2021,09:01:00.000,,,,,,,,,,,,,,,,,,,,,,,,,,,,,,,,,,,,
PNL.NL,E,08-11-2021,09:01:00.000,,,3.734000,16331,,,,,,,,,,,,,,,,09:01:00.589,,,,,,,,,,,,,,,,
PNL.NL,E,08-11-2021,09:01:00.000,,,,,,,,,,,,,,,,,,,,,,,,,,,,,,,,,,,,
PNL.NL,E,08-11-2021,09:01:00.000,,,3.734000,8574,,,,,,,,,,,,,,,,09:01:00.589,,,,,,,,,,,,,,,,
PNL.NL,E,08-11-2021,09:01:00.000,,,,,,,,,,,,,,,,,,,,,,,,,,,,,,,,,,,,
PNL.NL,E,08-11-2021,09:01:00.000,,,,,,,,,,,,,,,,,,,,,,,,,,,,,,,,,,,,
PNL.NL,E,08-11-2021,09:01:00.000,,,3.734000,3243,,,,,,,,,,,,,,,,09:01:00.589,,,,,,,,,,,,,,,,
PNL.NL,E,08-11-2021,09:01:00.000,,,,,,,,,,,,,,,,,,,,,,,,,,,,,,,,,,,,
PNL.NL,E,08-11-2021,09:01:00.000,,,3.717000,3387,,,,,,,,,,,,,,,,09:01:00.589,,,,,,,,,,,,,,,,
PNL.NL,E,08-11-2021,09:01:00.000,,,,,,,,,,,,,,,,,,,,,,,,,,,,,,,,,,,,
PNL.NL,E,08-11-2021,09:01:00.000,,,3.718000,1750,,,,,,,,,,,,,,,,09:01:00.589,,,,,,,,,,,,,,,,
PNL.NL,E,08-11-2021,09:01:00.000,,,,,,,,,,,,,,,,,,,,,,,,,,,,,,,,,,,,
PNL.NL,E,08-11-2021,09:01:00.000,3.738000,321,,,,,,,,,,,,,,,,,,09:01:00.590,,,,,,,,,,,,,,,,
PNL.NL,E,08-11-2021,09:01:00.000,,,,,,,,,,,,,,,,,,,,,,,,,,,,,,,,,,,,
PNL.NL,E,08-11-2021,09:01:00.000,3.738000,1821,,,,,,,,,,,,,,,,,,09:01:00.591,,,,,,,,,,,,,,,,
PNL.NL,E,08-11-2021,09:01:00.000,,,,,,,,,,,,,,,,,,,,,,,,,,,,,,,,,,,,
PNL.NL,E,08-11-2021,09:01:00.000,3.738000,321,,,,,,,,,,,,,,,,,,09:01:00.592,,,,,,,,,,,,,,,,
PNL.NL,E,08-11-2021,09:01:00.000,,,,,,,,,,,,,,,,,,,,,,,,,,,,,,,,,,,,
PNL.NL,E,08-11-2021,09:01:00.000,,,,,,,,,,,,,,,,,,,,,,,,,,,,,,,,,,,,
PNL.NL,E,08-11-2021,09:01:00.000,,,,,,,,,,,,,,,,,,,,,,,,,,,,,,,,,,,,
MERY.FR,E,08-11-2021,09:01:00.000,,,,,,,,,,9.570000,,,,,,,,9.570000,518,09:01:00.587,2865,,08-11-2021,,,,,,,09:01:00.000,,,,,,
MERY.FR,E,08-11-2021,09:01:00.000,,,,,,,,,,9.570000,,,,,,,,,,,2865,,,,,,,,,,,,,,,
MERY.FR,E,08-11-2021,09:01:00.000,,,,,,,,,,,,,,,,,,9.570000,60,09:01:00.589,2925,,08-11-2021,,,,,,,09:01:00.000,,,,,,
MERY.FR,E,08-11-2021,09:01:00.000,,,,,,,,,,,,,,,,,,,,,2925,,,,,,,,,,,,,,,
MERY.FR,E,08-11-2021,09:01:00.000,,,,,,,,,,,,,,,,,,,,,,,,,,,,,,,,,,,,
MERY.FR,E,08-11-2021,09:01:00.000,,,,,,,,,,,,,,,,,,,,,,,,,,,,,,,,,,,,
MERY.FR,E,08-11-2021,09:01:00.000,9.570000,60,,,,,,,,,,,,,,,,,,09:01:00.587,,,,,,,,,,,,,,,,
MERY.FR,E,08-11-2021,09:01:00.000,,,,,,,,,,,,,,,,,,,,,,,,,,,,,,,,,,,,
MERY.FR,E,08-11-2021,09:01:00.000,,,,,,,,,,,,,,,,,,,,,,,,,,,,,,,,,,,,
MERY.FR,E,08-11-2021,09:01:00.000,,,,,,,,,,,,,,,,,,,,,,,,,,,,,,,,,,,,
MERY.FR,E,08-11-2021,09:01:00.000,,,,,,,,,,,,,,,,,,,,,,,,,,,,,,,,,,,,
MERY.FR,E,08-11-2021,09:01:00.000,,,9.550000,500,,,,,,,,,,,,,,,,09:01:00.587,,,,,,,,,,,,,,,,
MERY.FR,E,08-11-2021,09:01:00.000,,,,,,,,,,,,,,,,,,,,,,,,,,,,,,,,,,,,
MERY.FR,E,08-11-2021,09:01:00.000,,,,,,,,,,,,,,,,,,,,,,,,,,,,,,,,,,,,
MERY.FR,E,08-11-2021,09:01:00.000,,,,,,,,,,,,,,,,,,,,,,,,,,,,,,,,,,,,
MERY.FR,E,08-11-2021,09:01:00.000,,,,,,,,,,,,,,,,,,,,,,,,,,,,,,,,,,,,
MERY.FR,E,08-11-2021,09:01:00.000,,,,,,,,,,,,,,,,,,,,,,,,,,,,,,,,,,,,
MERY.FR,E,08-11-2021,09:01:00.000,,,,,,,,,,,,,,,,,,,,,,,,,,,,,,,,,,,,
MERY.FR,E,08-11-2021,09:01:00.000,,,,,,,,,,,,,,,,,,,,,,,,,,,,,,,,,,,,
MERY.FR,E,08-11-2021,09:01:00.000,9.575000,49,,,,,,,,,,,,,,,,,,09:01:00.589,,,,,,,,,,,,,,,,
MERY.FR,E,08-11-2021,09:01:00.000,,,,,,,,,,,,,,,,,,,,,,,,,,,,,,,,,,,,
MERY.FR,E,08-11-2021,09:01:00.000,,,,,,,,,,,,,,,,,,,,,,,,,,,,,,,,,,,,
MERY.FR,E,08-11-2021,09:01:00.000,,,,,,,,,,,,,,,,,,,,,,,,,,,,,,,,,,,,
MERY.FR,E,08-11-2021,09:01:00.000,,,,,,,,,,,,,,,,,,,,,,,,,,,,,,,,,,,,
MERY.FR,E,08-11-2021,09:01:00.000,,,,,,,,,,,,,,,,,,,,,,,,,,,,,,,,,,,,
MERY.FR,E,08-11-2021,09:01:00.000,,,,,,,,,,,,,,,,,,,,,,,,,,,,,,,,,,,,
MERY.FR,E,08-11-2021,09:01:00.000,9.590000,205,,,,,,,,,,,,,,,,,,09:01:00.589,,,,,,,,,,,,,,,,
MERY.FR,E,08-11-2021,09:01:00.000,,,,,,,,,,,,,,,,,,,,,,,,,,,,,,,,,,,,
MERY.FR,E,08-11-2021,09:01:00.000,9.595000,750,,,,,,,,,,,,,,,,,,09:01:00.590,,,,,,,,,,,,,,,,
MERY.FR,E,08-11-2021,09:01:00.000,,,,,,,,,,,,,,,,,,,,,,,,,,,,,,,,,,,,
MERY.FR,E,08-11-2021,09:01:00.000,9.590000,54,,,,,,,,,,,,,,,,,,09:01:00.590,,,,,,,,,,,,,,,,
MERY.FR,E,08-11-2021,09:01:00.000,,,,,,,,,,,,,,,,,,,,,,,,,,,,,,,,,,,,
MERY.FR,E,08-11-2021,09:01:00.000,,,,,,,,,,,,,,,,,,,,,,,,,,,,,,,,,,,,
MERY.FR,E,08-11-2021,09:01:00.000,,,,,,,,,,,,,,,,,,,,,,,,,,,,,,,,,,,,
MERY.FR,E,08-11-2021,09:01:00.000,,,,,,,,,,,,,,,,,,,,,,,,,,,,,,,,,,,,
MERY.FR,E,08-11-2021,09:01:00.000,9.590000,639,,,,,,,,,,,,,,,,,,09:01:00.592,,,,,,,,,,,,,,,,
MERY.FR,E,08-11-2021,09:01:00.000,,,,,,,,,,,,,,,,,,,,,,,,,,,,,,,,,,,,
MERY.FR,E,08-11-2021,09:01:00.000,,,,,,,,,,,,,,,,,,,,,,,,,,,,,,,,,,,,
LI.FR,E,08-11-2021,09:01:00.000,,,,,,,,,,,,,,,,,,,,,,,,,,,,,,,,,,,,
MERY.FR,E,08-11-2021,09:01:00.000,,,,,,,,,,,,,,,,,,,,,,,,,,,,,,,,,,,,
MERY.FR,E,08-11-2021,09:01:00.000,,,,,,,,,,,,,,,,,,,,,,,,,,,,,,,,,,,,
MERY.FR,E,08-11-2021,09:01:00.000,,,9.555000,170,,,,,,,,,,,,,,,,09:01:00.605,,,,,,,,,,,,,,,,
MERY.FR,E,08-11-2021,09:01:00.000,,,,,,,,,,,,,,,,,,,,,,,,,,,,,,,,,,,,
MERY.FR,E,08-11-2021,09:01:00.000,,,,,,,,,,,,,,,,,,,,,,,,,,,,,,,,,,,,
MERY.FR,E,08-11-2021,09:01:00.000,,,9.545000,973,,,,,,,,,,,,,,,,09:01:00.606,,,,,,,,,,,,,,,,
MERY.FR,E,08-11-2021,09:01:00.000,,,,,,,,,,,,,,,,,,,,,,,,,,,,,,,,,,,,
MERY.FR,E,08-11-2021,09:01:00.000,,,9.550000,500,,,,,,,,,,,,,,,,09:01:00.606,,,,,,,,,,,,,,,,
MERY.FR,E,08-11-2021,09:01:00.000,,,,,,,,,,,,,,,,,,,,,,,,,,,,,,,,,,,,
MERY.FR,E,08-11-2021,09:01:00.000,,,,,,,,,,,,,,,,,,,,,,,,,,,,,,,,,,,,
MERY.FR,E,08-11-2021,09:01:00.000,9.590000,54,,,,,,,,,,,,,,,,,,09:01:00.607,,,,,,,,,,,,,,,,
MERY.FR,E,08-11-2021,09:01:00.000,,,,,,,,,,,,,,,,,,,,,,,,,,,,,,,,,,,,
MERY.FR,E,08-11-2021,09:01:00.000,,,,,,,,,,,,,,,,,,,,,,,,,,,,,,,,,,,,
MERY.FR,E,08-11-2021,09:01:00.000,,,,,,,,,,,,,,,,,,,,,,,,,,,,,,,,,,,,
LI.FR,E,08-11-2021,09:01:00.000,,,,,,,,,,,,,,,,,,,,,,,,,,,,,,,,,,,,
LI.FR,E,08-11-2021,09:01:00.000,,,,,,,,,,,,,,,,,,,,,,,,,,,,,,,,,,,,
MERY.FR,E,08-11-2021,09:01:00.000,,,,,,,,,,,,,,,,,,,,,,,,,,,,,,,,,,,,
MERY.FR,E,08-11-2021,09:01:00.000,,,,,,,,,,,,,,,,,,,,,,,,,,,,,,,,,,,,
MERY.FR,E,08-11-2021,09:01:00.000,,,,,,,,,,,,,,,,,,,,,,,,,,,,,,,,,,,,
MERY.FR,E,08-11-2021,09:01:00.000,9.590000,659,,,,,,,,,,,,,,,,,,09:01:00.669,,,,,,,,,,,,,,,,
MERY.FR,E,08-11-2021,09:01:00.000,,,,,,,,,,,,,,,,,,,,,,,,,,,,,,,,,,,,
MERY.FR,E,08-11-2021,09:01:00.000,,,,,,,,,,,,,,,,,,,,,,,,,,,,,,,,,,,,
MERY.FR,E,08-11-2021,09:01:00.000,,,,,,,,,,,,,,,,,,,,,,,,,,,,,,,,,,,,
IMCD.NL,E,08-11-2021,09:01:00.000,,,,,,,,,,,,,,,,,,,,,,,,,,,,,,,,,,,,
FRCG.FR,I,08-11-2021,09:01:00.000,,,,,,,,,,,,,,5441.120000,,,,5441.120000,,09:01:00.307,,,,,,,,,,09:01:00.000,,,,,,
FRCG.FR,I,08-11-2021,09:01:00.000,,,,,,,,,,,,,,5441.120000,,,,,,,,,,,,,,,,,,,,,,
REITE.FR,I,08-11-2021,09:01:00.000,,,,,,,,,,1628.710000,,,,,,,,1628.710000,,09:01:00.308,,,,,,,,,,09:01:00.000,,,,,,
REITE.FR,I,08-11-2021,09:01:00.000,,,,,,,,,,1628.710000,,,,,,,,,,,,,,,,,,,,,,,,,,
CACLV.FR,I,08-11-2021,09:01:00.000,,,,,,,,,,1714.856000,,,,,,,,1714.856000,,09:01:00.308,,,,,,,,,,09:01:00.000,,,,,,
CACLV.FR,I,08-11-2021,09:01:00.000,,,,,,,,,,1714.856000,,,,,,,,,,,,,,,,,,,,,,,,,,
AEXLV.NL,I,08-11-2021,09:01:00.000,,,,,,,,,,,,,,,,,,2273.094000,,09:01:00.308,,,,,,,,,,09:01:00.000,,,,,,
ALTBG.FR,E,08-11-2021,09:01:00.000,1.144000,6624,,,,,,,,,,,,,,,,,,09:01:00.600,,,,,,,,,,,,,,,,
ALTBG.FR,E,08-11-2021,09:01:00.000,,,,,,,,,,,,,,,,,,,,,,,,,,,,,,,,,,,,
ALTBG.FR,E,08-11-2021,09:01:00.000,1.143000,3470,,,,,,,,,,,,,,,,,,09:01:00.602,,,,,,,,,,,,,,,,
ALTBG.FR,E,08-11-2021,09:01:00.000,,,,,,,,,,,,,,,,,,,,,,,,,,,,,,,,,,,,
PX4NR.FR,I,08-11-2021,09:01:00.000,,,,,,,,,,11009.800000,,,,,,,,11009.800000,,09:01:00.308,,,,,,,,,,09:01:00.000,,,,,,
PX4GR.FR,I,08-11-2021,09:01:00.000,,,,,,,,,,13913.310000,,,,,,,,13913.310000,,09:01:00.308,,,,,,,,,,09:01:00.000,,,,,,
CACMN.FR,I,08-11-2021,09:01:00.000,,,,,,,,,,25527.460000,,,,,,,,25527.460000,,09:01:00.308,,,,,,,,,,09:01:00.000,,,,,,
PX4NR.FR,I,08-11-2021,09:01:00.000,,,,,,,,,,11009.800000,,,,,,,,,,,,,,,,,,,,,,,,,,
PX4GR.FR,I,08-11-2021,09:01:00.000,,,,,,,,,,13913.310000,,,,,,,,,,,,,,,,,,,,,,,,,,
CACMN.FR,I,08-11-2021,09:01:00.000,,,,,,,,,,25527.460000,,,,,,,,,,,,,,,,,,,,,,,,,,
ALTBG.FR,E,08-11-2021,09:01:00.000,1.142000,2208,,,,,,,,,,,,,,,,,,09:01:00.603,,,,,,,,,,,,,,,,
ALTBG.FR,E,08-11-2021,09:01:00.000,,,,,,,,,,,,,,,,,,,,,,,,,,,,,,,,,,,,
ALTBG.FR,E,08-11-2021,09:01:00.000,,,,,,,,,,,,,,,,,,,,,,,,,,,,,,,,,,,,
ALTBG.FR,E,08-11-2021,09:01:00.000,1.141000,1650,,,,,,,,,,,,,,,,,,09:01:00.607,,,,,,,,,,,,,,,,
ALTBG.FR,E,08-11-2021,09:01:00.000,,,,,,,,,,,,,,,,,,,,,,,,,,,,,,,,,,,,
ALTBG.FR,E,08-11-2021,09:01:00.000,,,,,,,,,,,,,,,,,,,,,,,,,,,,,,,,,,,,
ALTBG.FR,E,08-11-2021,09:01:00.000,1.140000,2208,,,,,,,,,,,,,,,,,,09:01:00.608,,,,,,,,,,,,,,,,
ALTBG.FR,E,08-11-2021,09:01:00.000,,,,,,,,,,,,,,,,,,,,,,,,,,,,,,,,,,,,
ALTBG.FR,E,08-11-2021,09:01:00.000,,,,,,,,,,,,,,,,,,,,,,,,,,,,,,,,,,,,
ALTBG.FR,E,08-11-2021,09:01:00.000,,,,,,,,,,,,,,,,,,,,,,,,,,,,,,,,,,,,
ALTBG.FR,E,08-11-2021,09:01:00.000,1.143000,2208,,,,,,,,,,,,,,,,,,09:01:00.610,,,,,,,,,,,,,,,,
ALTBG.FR,E,08-11-2021,09:01:00.000,,,,,,,,,,,,,,,,,,,,,,,,,,,,,,,,,,,,
ALTBG.FR,E,08-11-2021,09:01:00.000,,,,,,,,,,,,,,,,,,,,,,,,,,,,,,,,,,,,
PNL.NL,E,08-11-2021,09:01:00.000,,,3.719000,1386,,,,,,,,,,,,,,,,09:01:00.606,,,,,,,,,,,,,,,,
PNL.NL,E,08-11-2021,09:01:00.000,,,,,,,,,,,,,,,,,,,,,,,,,,,,,,,,,,,,
PNL.NL,E,08-11-2021,09:01:00.000,,,,,,,,,,,,,,,,,,,,,,,,,,,,,,,,,,,,
PNL.NL,E,08-11-2021,09:01:00.000,3.737000,770,,,,,,,,,,,,,,,,,,09:01:00.607,,,,,,,,,,,,,,,,
PNL.NL,E,08-11-2021,09:01:00.000,,,,,,,,,,,,,,,,,,,,,,,,,,,,,,,,,,,,
PNL.NL,E,08-11-2021,09:01:00.000,,,3.720000,1750,,,,,,,,,,,,,,,,09:01:00.607,,,,,,,,,,,,,,,,
PNL.NL,E,08-11-2021,09:01:00.000,,,,,,,,,,,,,,,,,,,,,,,,,,,,,,,,,,,,
PNL.NL,E,08-11-2021,09:01:00.000,,,,,,,,,,,,,,,,,,,,,,,,,,,,,,,,,,,,
PNL.NL,E,08-11-2021,09:01:00.000,,,,,,,,,,,,,,,,,,,,,,,,,,,,,,,,,,,,
PNL.NL,E,08-11-2021,09:01:00.000,,,,,,,,,,,,,,,,,,,,,,,,,,,,,,,,,,,,
REITN.FR,I,08-11-2021,09:01:00.000,,,,,,,,,,3507.360000,,,,,,,,3507.360000,,09:01:00.309,,,,,,,,,,09:01:00.000,,,,,,
REITN.FR,I,08-11-2021,09:01:00.000,,,,,,,,,,3507.360000,,,,,,,,,,,,,,,,,,,,,,,,,,
CACTL.FR,I,08-11-2021,09:01:00.000,,,,,,,,,,4651.195000,,,,,,,,4651.195000,,09:01:00.309,,,,,,,,,,09:01:00.000,,,,,,
CACTL.FR,I,08-11-2021,09:01:00.000,,,,,,,,,,4651.195000,,,,,,,,,,,,,,,,,,,,,,,,,,
AEXTL.NL,I,08-11-2021,09:01:00.000,,,,,,,,,,,,,,,,,,8405.438000,,09:01:00.309,,,,,,,,,,09:01:00.000,,,,,,
NAOIG.FR,I,08-11-2021,09:01:00.000,,,,,,,,,,,,,,1476.140000,,,,1476.140000,,09:01:00.309,,,,,,,,,,09:01:00.000,,,,,,
NAOIG.FR,I,08-11-2021,09:01:00.000,,,,,,,,,,,,,,1476.140000,,,,,,,,,,,,,,,,,,,,,,
SBMO.NL,E,08-11-2021,09:01:00.000,,,,,,,,,,,,,,,,,,,,,,,,,,,,,,,,,,,,
SBMO.NL,E,08-11-2021,09:01:00.000,,,,,,,,,,,,,,,,,,,,,,,,,,,,,,,,,,,,
BOKA.NL,E,08-11-2021,09:01:00.000,,,,,,,,,,,,,,,,,,,,,,,,,,,,,,,,,,,,
RCO.FR,E,08-11-2021,09:01:00.000,178.500000,35,,,,,,,,,,,,,,,,,,09:01:00.713,,,,,,,,,,,,,,,,
RCO.FR,E,08-11-2021,09:01:00.000,,,,,,,,,,,,,,,,,,,,,,,,,,,,,,,,,,,,
RCO.FR,E,08-11-2021,09:01:00.000,,,,,,,,,,,,,,,,,,,,,,,,,,,,,,,,,,,,
RCO.FR,E,08-11-2021,09:01:00.000,178.700000,46,,,,,,,,,,,,,,,,,,09:01:00.714,,,,,,,,,,,,,,,,
RCO.FR,E,08-11-2021,09:01:00.000,,,,,,,,,,,,,,,,,,,,,,,,,,,,,,,,,,,,
RCO.FR,E,08-11-2021,09:01:00.000,,,,,,,,,,,,,,,,,,,,,,,,,,,,,,,,,,,,
RCO.FR,E,08-11-2021,09:01:00.000,,,,,,,,,,,,,,,,,,,,,,,,,,,,,,,,,,,,
RCO.FR,E,08-11-2021,09:01:00.000,,,178.300000,8,,,,,,,,,,,,,,,,09:01:00.714,,,,,,,,,,,,,,,,
RCO.FR,E,08-11-2021,09:01:00.000,,,,,,,,,,,,,,,,,,,,,,,,,,,,,,,,,,,,
PNL.NL,E,08-11-2021,09:01:00.000,,,3.721000,1386,,,,,,,,,,,,,,,,09:01:00.612,,,,,,,,,,,,,,,,
PNL.NL,E,08-11-2021,09:01:00.000,,,,,,,,,,,,,,,,,,,,,,,,,,,,,,,,,,,,
PNL.NL,E,08-11-2021,09:01:00.000,,,,,,,,,,,,,,,,,,,,,,,,,,,,,,,,,,,,
PNL.NL,E,08-11-2021,09:01:00.000,,,3.716000,4800,,,,,,,,,,,,,,,,09:01:00.613,,,,,,,,,,,,,,,,
PNL.NL,E,08-11-2021,09:01:00.000,,,,,,,,,,,,,,,,,,,,,,,,,,,,,,,,,,,,
PNL.NL,E,08-11-2021,09:01:00.000,,,3.717000,1750,,,,,,,,,,,,,,,,09:01:00.613,,,,,,,,,,,,,,,,
PNL.NL,E,08-11-2021,09:01:00.000,,,,,,,,,,,,,,,,,,,,,,,,,,,,,,,,,,,,
PNL.NL,E,08-11-2021,09:01:00.000,3.736000,1500,,,,,,,,,,,,,,,,,,09:01:00.614,,,,,,,,,,,,,,,,
PNL.NL,E,08-11-2021,09:01:00.000,,,,,,,,,,,,,,,,,,,,,,,,,,,,,,,,,,,,
PNL.NL,E,08-11-2021,09:01:00.000,,,,,,,,,,,,,,,,,,,,,,,,,,,,,,,,,,,,
PNL.NL,E,08-11-2021,09:01:00.000,3.737000,770,,,,,,,,,,,,,,,,,,09:01:00.614,,,,,,,,,,,,,,,,
PNL.NL,E,08-11-2021,09:01:00.000,,,,,,,,,,,,,,,,,,,,,,,,,,,,,,,,,,,,
PNL.NL,E,08-11-2021,09:01:00.000,,,,,,,,,,,,,,,,,,,,,,,,,,,,,,,,,,,,
ALTBG.FR,E,08-11-2021,09:01:00.000,1.142000,1650,,,,,,,,,,,,,,,,,,09:01:00.614,,,,,,,,,,,,,,,,
ALTBG.FR,E,08-11-2021,09:01:00.000,,,,,,,,,,,,,,,,,,,,,,,,,,,,,,,,,,,,
PNL.NL,E,08-11-2021,09:01:00.000,,,,,,,,,,,,,,,,,,,,,,,,,,,,,,,,,,,,
PNL.NL,E,08-11-2021,09:01:00.000,,,,,,,,,,,,,,,,,,,,,,,,,,,,,,,,,,,,
PNL.NL,E,08-11-2021,09:01:00.000,,,,,,,,,,,,,,,,,,,,,,,,,,,,,,,,,,,,
PNL.NL,E,08-11-2021,09:01:00.000,,,,,,,,,,,,,,,,,,,,,,,,,,,,,,,,,,,,
PNL.NL,E,08-11-2021,09:01:00.000,,,,,,,,,,,,,,,,,,,,,,,,,,,,,,,,,,,,
PNL.NL,E,08-11-2021,09:01:00.000,,,,,,,,,,,,,,,,,,,,,,,,,,,,,,,,,,,,
PNL.NL,E,08-11-2021,09:01:00.000,,,3.718000,2046,,,,,,,,,,,,,,,,09:01:00.617,,,,,,,,,,,,,,,,
PNL.NL,E,08-11-2021,09:01:00.000,,,,,,,,,,,,,,,,,,,,,,,,,,,,,,,,,,,,
PNL.NL,E,08-11-2021,09:01:00.000,,,,,,,,,,,,,,,,,,,,,,,,,,,,,,,,,,,,
PNL.NL,E,08-11-2021,09:01:00.000,,,3.716000,4800,,,,,,,,,,,,,,,,09:01:00.617,,,,,,,,,,,,,,,,
PNL.NL,E,08-11-2021,09:01:00.000,,,,,,,,,,,,,,,,,,,,,,,,,,,,,,,,,,,,
PNL.NL,E,08-11-2021,09:01:00.000,,,3.717000,1750,,,,,,,,,,,,,,,,09:01:00.617,,,,,,,,,,,,,,,,
PNL.NL,E,08-11-2021,09:01:00.000,,,,,,,,,,,,,,,,,,,,,,,,,,,,,,,,,,,,
ALTBG.FR,E,08-11-2021,09:01:00.000,1.141000,2208,,,,,,,,,,,,,,,,,,09:01:00.616,,,,,,,,,,,,,,,,
ALTBG.FR,E,08-11-2021,09:01:00.000,,,,,,,,,,,,,,,,,,,,,,,,,,,,,,,,,,,,
ALTBG.FR,E,08-11-2021,09:01:00.000,,,,,,,,,,,,,,,,,,,,,,,,,,,,,,,,,,,,
ALTBG.FR,E,08-11-2021,09:01:00.000,,,,,,,,,,,,,,,,,,,,,,,,,,,,,,,,,,,,
ALTBG.FR,E,08-11-2021,09:01:00.000,1.143000,2208,,,,,,,,,,,,,,,,,,09:01:00.617,,,,,,,,,,,,,,,,
ALTBG.FR,E,08-11-2021,09:01:00.000,,,,,,,,,,,,,,,,,,,,,,,,,,,,,,,,,,,,
ALTBG.FR,E,08-11-2021,09:01:00.000,,,,,,,,,,,,,,,,,,,,,,,,,,,,,,,,,,,,
ALTBG.FR,E,08-11-2021,09:01:00.000,1.143000,3058,,,,,,,,,,,,,,,,,,09:01:00.619,,,,,,,,,,,,,,,,
ALTBG.FR,E,08-11-2021,09:01:00.000,,,,,,,,,,,,,,,,,,,,,,,,,,,,,,,,,,,,
CACGL.FR,I,08-11-2021,09:01:00.000,,,,,,,,,,6174.485000,,,,,,,,6174.485000,,09:01:00.310,,,,,,,,,,09:01:00.000,,,,,,
CACGL.FR,I,08-11-2021,09:01:00.000,,,,,,,,,,6174.485000,,,,,,,,,,,,,,,,,,,,,,,,,,
FROGN.FR,I,08-11-2021,09:01:00.000,,,,,,,,,,,,,,1411.220000,,,,1411.220000,,09:01:00.310,,,,,,,,,,09:01:00.000,,,,,,
FROGN.FR,I,08-11-2021,09:01:00.000,,,,,,,,,,,,,,1411.220000,,,,,,,,,,,,,,,,,,,,,,
PAXNR.FR,I,08-11-2021,09:01:00.000,,,,,,,,,,14073.740000,,,,,,,,14073.740000,,09:01:00.310,,,,,,,,,,09:01:00.000,,,,,,
CN20G.FR,I,08-11-2021,09:01:00.000,,,,,,,,,,23019.670000,,,,,,,,23019.670000,,09:01:00.310,,,,,,,,,,09:01:00.000,,,,,,
PAXNR.FR,I,08-11-2021,09:01:00.000,,,,,,,,,,14073.740000,,,,,,,,,,,,,,,,,,,,,,,,,,
CN20G.FR,I,08-11-2021,09:01:00.000,,,,,,,,,,23019.670000,,,,,,,,,,,,,,,,,,,,,,,,,,
FRHCN.FR,I,08-11-2021,09:01:00.000,,,,,,,,,,3272.890000,,,,,,,,3272.890000,,09:01:00.310,,,,,,,,,,09:01:00.000,,,,,,
FRHCN.FR,I,08-11-2021,09:01:00.000,,,,,,,,,,3272.890000,,,,,,,,,,,,,,,,,,,,,,,,,,
NLTCG.NL,I,08-11-2021,09:01:00.000,,,,,,,,,,,,,,,,,,12479.310000,,09:01:00.310,,,,,,,,,,09:01:00.000,,,,,,
AAXG.NL,I,08-11-2021,09:01:00.000,,,,,,,,,,,,,,,,,,4207.310000,,09:01:00.310,,,,,,,,,,09:01:00.000,,,,,,
SW.FR,E,08-11-2021,09:01:00.000,,,,,,,,,,,,,,,,,,86.140000,32,09:01:00.637,1718,,08-11-2021,,,,,,,09:01:00.000,,,,,,
SW.FR,E,08-11-2021,09:01:00.000,,,,,,,,,,,,,,,,,,,,,1718,,,,,,,,,,,,,,,
SW.FR,E,08-11-2021,09:01:00.000,,,,,,,,,,,,,,,,,,86.140000,22,09:01:00.637,1740,,08-11-2021,,,,,,,09:01:00.000,,,,,,
SW.FR,E,08-11-2021,09:01:00.000,,,,,,,,,,,,,,,,,,,,,1740,,,,,,,,,,,,,,,
SW.FR,E,08-11-2021,09:01:00.000,86.140000,22,,,,,,,,,,,,,,,,,,09:01:00.637,,,,,,,,,,,,,,,,
SW.FR,E,08-11-2021,09:01:00.000,,,,,,,,,,,,,,,,,,,,,,,,,,,,,,,,,,,,
SW.FR,E,08-11-2021,09:01:00.000,86.160000,1,,,,,,,,,,,,,,,,,,09:01:00.637,,,,,,,,,,,,,,,,
SW.FR,E,08-11-2021,09:01:00.000,,,,,,,,,,,,,,,,,,,,,,,,,,,,,,,,,,,,
SW.FR,E,08-11-2021,09:01:00.000,,,,,,,,,,,,,,,,,,,,,,,,,,,,,,,,,,,,
SW.FR,E,08-11-2021,09:01:00.000,,,,,,,,,,,,,,,,,,,,,,,,,,,,,,,,,,,,
SW.FR,E,08-11-2021,09:01:00.000,,,,,,,,,,,,,,,,,,,,,,,,,,,,,,,,,,,,
SW.FR,E,08-11-2021,09:01:00.000,,,86.020000,159,,,,,,,,,,,,,,,,09:01:00.638,,,,,,,,,,,,,,,,
SW.FR,E,08-11-2021,09:01:00.000,,,,,,,,,,,,,,,,,,,,,,,,,,,,,,,,,,,,
SW.FR,E,08-11-2021,09:01:00.000,,,,,,,,,,,,,,,,,,,,,,,,,,,,,,,,,,,,
SW.FR,E,08-11-2021,09:01:00.000,,,,,,,,,,,,,,,,,,,,,,,,,,,,,,,,,,,,
SW.FR,E,08-11-2021,09:01:00.000,,,,,,,,,,,,,,,,,,,,,,,,,,,,,,,,,,,,
SW.FR,E,08-11-2021,09:01:00.000,,,,,,,,,,,,,,,,,,,,,,,,,,,,,,,,,,,,
SW.FR,E,08-11-2021,09:01:00.000,,,86.020000,140,,,,,,,,,,,,,,,,09:01:00.638,,,,,,,,,,,,,,,,
SW.FR,E,08-11-2021,09:01:00.000,,,,,,,,,,,,,,,,,,,,,,,,,,,,,,,,,,,,
SW.FR,E,08-11-2021,09:01:00.000,,,,,,,,,,,,,,,,,,,,,,,,,,,,,,,,,,,,
SW.FR,E,08-11-2021,09:01:00.000,,,,,,,,,,,,,,,,,,,,,,,,,,,,,,,,,,,,
SW.FR,E,08-11-2021,09:01:00.000,,,,,,,,,,,,,,,,,,,,,,,,,,,,,,,,,,,,
SW.FR,E,08-11-2021,09:01:00.000,,,86.040000,49,,,,,,,,,,,,,,,,09:01:00.639,,,,,,,,,,,,,,,,
SW.FR,E,08-11-2021,09:01:00.000,,,,,,,,,,,,,,,,,,,,,,,,,,,,,,,,,,,,
SW.FR,E,08-11-2021,09:01:00.000,,,,,,,,,,,,,,,,,,,,,,,,,,,,,,,,,,,,
SW.FR,E,08-11-2021,09:01:00.000,,,,,,,,,,,,,,,,,,,,,,,,,,,,,,,,,,,,
NLCGG.NL,I,08-11-2021,09:01:00.000,,,,,,,,,,,,,,,,,,4793.580000,,09:01:00.310,,,,,,,,,,09:01:00.000,,,,,,
NLCSG.NL,I,08-11-2021,09:01:00.000,,,,,,,,,,,,,,4686.140000,,,,4686.140000,,09:01:00.310,,,,,,,,,,09:01:00.000,,,,,,
SW.FR,E,08-11-2021,09:01:00.000,,,,,,,,,,,,,,,,,,,,,,,,,,,,,,,,,,,,
NLCSG.NL,I,08-11-2021,09:01:00.000,,,,,,,,,,,,,,4686.140000,,,,,,,,,,,,,,,,,,,,,,
AEX4L.NL,I,08-11-2021,09:01:00.000,,,,,,,,,,,,,,,,,,292842.199000,,09:01:00.310,,,,,,,,,,09:01:00.000,,,,,,
AEX3S.NL,I,08-11-2021,09:01:00.000,,,,,,,,,,,,,,,,,,4.294000,,09:01:00.311,,,,,,,,,,09:01:00.000,,,,,,
AEX6S.NL,I,08-11-2021,09:01:00.000,,,,,,,,,,,,,,,,,,265.953000,,09:01:00.311,,,,,,,,,,09:01:00.000,,,,,,
ENVW.NL,I,08-11-2021,09:01:00.000,,,,,,,,,,1870.150000,,,,,,,,1870.150000,,09:01:00.311,,,,,,,,,,09:01:00.000,,,,,,
ENVWN.NL,I,08-11-2021,09:01:00.000,,,,,,,,,,2427.590000,,,,,,,,2427.590000,,09:01:00.311,,,,,,,,,,09:01:00.000,,,,,,
AF.FR,E,08-11-2021,09:01:00.000,,,,,,,,,,,,,,,,,,,,,,,,,,,,,,,,,,,,
AF.FR,E,08-11-2021,09:01:00.000,,,,,,,,,,,,,,,,,,,,,,,,,,,,,,,,,,,,
AF.FR,E,08-11-2021,09:01:00.000,,,,,,,,,,,,,,,,,,,,,,,,,,,,,,,,,,,,
AF.FR,E,08-11-2021,09:01:00.000,,,,,,,,,,,,,,,,,,,,,,,,,,,,,,,,,,,,
ENVWG.NL,I,08-11-2021,09:01:00.000,,,,,,,,,,2630.690000,,,,,,,,2630.690000,,09:01:00.311,,,,,,,,,,09:01:00.000,,,,,,
ENVW.NL,I,08-11-2021,09:01:00.000,,,,,,,,,,1870.150000,,,,,,,,,,,,,,,,,,,,,,,,,,
ENVEN.NL,I,08-11-2021,09:01:00.000,,,,,,,,,,2452.490000,,,,,,,,2452.490000,,09:01:00.311,,,,,,,,,,09:01:00.000,,,,,,
ENVWN.NL,I,08-11-2021,09:01:00.000,,,,,,,,,,2427.590000,,,,,,,,,,,,,,,,,,,,,,,,,,
ENVWG.NL,I,08-11-2021,09:01:00.000,,,,,,,,,,2630.690000,,,,,,,,,,,,,,,,,,,,,,,,,,
ENVEN.NL,I,08-11-2021,09:01:00.000,,,,,,,,,,2452.490000,,,,,,,,,,,,,,,,,,,,,,,,,,
ENVFG.NL,I,08-11-2021,09:01:00.000,,,,,,,,,,2239.750000,,,,,,,,2239.750000,,09:01:00.311,,,,,,,,,,09:01:00.000,,,,,,
ENVFG.NL,I,08-11-2021,09:01:00.000,,,,,,,,,,2239.750000,,,,,,,,,,,,,,,,,,,,,,,,,,
ENVUG.NL,I,08-11-2021,09:01:00.000,,,,,,,,,,,,,,,,,,2028.830000,,09:01:00.311,,,,,,,,,,09:01:00.000,,,,,,
CAEXT.FR,I,08-11-2021,09:01:00.000,,,,,,,,,,,,,,,,,,7044.070000,,09:01:00.311,,,,,,,,,,09:01:00.000,,,,,,
ENVN.NL,I,08-11-2021,09:01:00.000,,,,,,,,,,,,,,,,,,4319.860000,,09:01:00.311,,,,,,,,,,09:01:00.000,,,,,,
MMB.FR,E,08-11-2021,09:01:00.000,,,,,,,,,,,,,,,,,,,,,,,,,,,,,,,,,,,,
MMB.FR,E,08-11-2021,09:01:00.000,22.920000,370,,,,,,,,,,,,,,,,,,09:01:00.583,,,,,,,,,,,,,,,,
MMB.FR,E,08-11-2021,09:01:00.000,,,,,,,,,,,,,,,,,,,,,,,,,,,,,,,,,,,,
MMB.FR,E,08-11-2021,09:01:00.000,,,,,,,,,,,,,,,,,,,,,,,,,,,,,,,,,,,,
MMB.FR,E,08-11-2021,09:01:00.000,,,,,,,,,,,,,,,,,,,,,,,,,,,,,,,,,,,,
RI.FR,E,08-11-2021,09:01:00.000,,,,,,,,,,,,,,,,,,,,,,,,,,,,,,,,,,,,
MC.FR,E,08-11-2021,09:01:00.000,,,713.500000,20,,,,,,,,,,,,,,,,09:01:00.641,,,,,,,,,,,,,,,,
MC.FR,E,08-11-2021,09:01:00.000,,,,,,,,,,,,,,,,,,,,,,,,,,,,,,,,,,,,
MC.FR,E,08-11-2021,09:01:00.000,,,,,,,,,,,,,,,,,,713.600000,1,09:01:00.641,17519,,08-11-2021,,,,,,,09:01:00.000,,,,,,
MC.FR,E,08-11-2021,09:01:00.000,,,,,,,,,,,,,,,,,,,,,17519,,,,,,,,,,,,,,,
MC.FR,E,08-11-2021,09:01:00.000,713.800000,10,,,,,,,,,,,,,,,,,,09:01:00.641,,,,,,,,,,,,,,,,
MC.FR,E,08-11-2021,09:01:00.000,,,,,,,,,,,,,,,,,,,,,,,,,,,,,,,,,,,,
MC.FR,E,08-11-2021,09:01:00.000,,,,,,,,,,,,,,,,,,,,,,,,,,,,,,,,,,,,
MC.FR,E,08-11-2021,09:01:00.000,,,,,,,,,,,,,,,,,,,,,,,,,,,,,,,,,,,,
MC.FR,E,08-11-2021,09:01:00.000,,,,,,,,,,,,,,,,,,,,,,,,,,,,,,,,,,,,
MC.FR,E,08-11-2021,09:01:00.000,,,,,,,,,,,,,,,,,,,,,,,,,,,,,,,,,,,,
MMB.FR,E,08-11-2021,09:01:00.000,,,,,,,,,,,,,,,,,,,,,,,,,,,,,,,,,,,,
ABN.NL,E,08-11-2021,09:01:00.000,12.842000,440,,,,,,,,,,,,,,,,,,09:01:00.685,,,,,,,,,,,,,,,,
ABN.NL,E,08-11-2021,09:01:00.000,,,,,,,,,,,,,,,,,,,,,,,,,,,,,,,,,,,,
ABN.NL,E,08-11-2021,09:01:00.000,,,,,,,,,,,,,,,,,,,,,,,,,,,,,,,,,,,,
ABN.NL,E,08-11-2021,09:01:00.000,,,,,,,,,,,,,,,,,,,,,,,,,,,,,,,,,,,,
ABN.NL,E,08-11-2021,09:01:00.000,,,12.830000,385,,,,,,,,,,,,,,,,09:01:00.685,,,,,,,,,,,,,,,,
ABN.NL,E,08-11-2021,09:01:00.000,,,,,,,,,,,,,,,,,,,,,,,,,,,,,,,,,,,,
ABN.NL,E,08-11-2021,09:01:00.000,,,,,,,,,,,,,,,,,,,,,,,,,,,,,,,,,,,,
ABN.NL,E,08-11-2021,09:01:00.000,12.840000,500,,,,,,,,,,,,,,,,,,09:01:00.686,,,,,,,,,,,,,,,,
ABN.NL,E,08-11-2021,09:01:00.000,,,,,,,,,,,,,,,,,,,,,,,,,,,,,,,,,,,,
ABN.NL,E,08-11-2021,09:01:00.000,,,,,,,,,,,,,,,,,,,,,,,,,,,,,,,,,,,,
ABN.NL,E,08-11-2021,09:01:00.000,,,,,,,,,,,,,,,,,,,,,,,,,,,,,,,,,,,,
ABN.NL,E,08-11-2021,09:01:00.000,,,,,,,,,,,,,,,,,,,,,,,,,,,,,,,,,,,,
ABN.NL,E,08-11-2021,09:01:00.000,,,,,,,,,,,,,,12.832000,,,,12.832000,214,09:01:00.685,23245,,08-11-2021,,,,,,,09:01:00.000,,,,,,
ABN.NL,E,08-11-2021,09:01:00.000,,,,,,,,,,,,,,12.832000,,,,,,,23245,,,,,,,,,,,,,,,
ABN.NL,E,08-11-2021,09:01:00.000,,,,,,,,,,,,,,,,,,,,,,,,,,,,,,,,,,,,
ABN.NL,E,08-11-2021,09:01:00.000,,,,,,,,,,,,,,,,,,,,,,,,,,,,,,,,,,,,
ABN.NL,E,08-11-2021,09:01:00.000,,,,,,,,,,,,,,,,,,,,,,,,,,,,,,,,,,,,
ABN.NL,E,08-11-2021,09:01:00.000,,,,,,,,,,,,,,,,,,,,,,,,,,,,,,,,,,,,
ABN.NL,E,08-11-2021,09:01:00.000,12.840000,850,,,,,,,,,,,,,,,,,,09:01:00.688,,,,,,,,,,,,,,,,
ABN.NL,E,08-11-2021,09:01:00.000,,,,,,,,,,,,,,,,,,,,,,,,,,,,,,,,,,,,
ABN.NL,E,08-11-2021,09:01:00.000,12.838000,350,,,,,,,,,,,,,,,,,,09:01:00.699,,,,,,,,,,,,,,,,
ABN.NL,E,08-11-2021,09:01:00.000,,,,,,,,,,,,,,,,,,,,,,,,,,,,,,,,,,,,
ABN.NL,E,08-11-2021,09:01:00.000,,,,,,,,,,,,,,,,,,,,,,,,,,,,,,,,,,,,
ABN.NL,E,08-11-2021,09:01:00.000,,,,,,,,,,,,,,,,,,,,,,,,,,,,,,,,,,,,
ABN.NL,E,08-11-2021,09:01:00.000,,,,,,,,,,,,,,,,,,,,,,,,,,,,,,,,,,,,
ABN.NL,E,08-11-2021,09:01:00.000,12.840000,450,,,,,,,,,,,,,,,,,,09:01:00.699,,,,,,,,,,,,,,,,
ABN.NL,E,08-11-2021,09:01:00.000,,,,,,,,,,,,,,,,,,,,,,,,,,,,,,,,,,,,
ABN.NL,E,08-11-2021,09:01:00.000,12.842000,440,,,,,,,,,,,,,,,,,,09:01:00.699,,,,,,,,,,,,,,,,
ABN.NL,E,08-11-2021,09:01:00.000,,,,,,,,,,,,,,,,,,,,,,,,,,,,,,,,,,,,
ABN.NL,E,08-11-2021,09:01:00.000,12.840000,500,,,,,,,,,,,,,,,,,,09:01:00.699,,,,,,,,,,,,,,,,
ABN.NL,E,08-11-2021,09:01:00.000,,,,,,,,,,,,,,,,,,,,,,,,,,,,,,,,,,,,
ABN.NL,E,08-11-2021,09:01:00.000,,,,,,,,,,,,,,,,,,,,,,,,,,,,,,,,,,,,
A2H5A3.ETR,E,08-11-2021,09:01:00.000,,,,,,,,,,,,,,,,,,,,09:01:00.714,,,,,,,,,,,,,,,,
KORI.FR,E,08-11-2021,09:01:00.000,,,29.620000,138,,,,,,,,,,,,,,,,09:01:00.216,,,,,,,,,,,,,,,,
KORI.FR,E,08-11-2021,09:01:00.000,,,,,,,,,,,,,,,,,,,,,,,,,,,,,,,,,,,,
KORI.FR,E,08-11-2021,09:01:00.000,29.700000,761,,,,,,,,,,,,,,,,,,09:01:00.216,,,,,,,,,,,,,,,,
KORI.FR,E,08-11-2021,09:01:00.000,,,,,,,,,,,,,,,,,,,,,,,,,,,,,,,,,,,,
ITP.FR,E,08-11-2021,09:01:00.000,,,,,,,,,,,,,,,,,,,,,,,,,,,,,,,,,,,,
RUI.FR,E,08-11-2021,09:01:00.000,,,,,,,,,,,,,,,,,,,,,,,,,,,,,,,,,,,,
OR.FR,E,08-11-2021,09:01:00.000,,,,,,,,,,,,,,,,,,,,,,,,,,,,,,,,,,,,
ADP.FR,E,08-11-2021,09:01:00.000,,,,,,,,,,,,,,,,,,,,,,,,,,,,,,,,,,,,
COFA.FR,E,08-11-2021,09:01:00.000,,,,,,,,,,,,,,,,,,,,,,,,,,,,,,,,,,,,
TEP.FR,E,08-11-2021,09:01:00.000,,,347.900000,74,,,,,,,,,,,,,,,,09:01:00.418,,,,,,,,,,,,,,,,
TEP.FR,E,08-11-2021,09:01:00.000,,,,,,,,,,,,,,,,,,,,,,,,,,,,,,,,,,,,
TEP.FR,E,08-11-2021,09:01:00.000,,,347.900000,59,,,,,,,,,,,,,,,,09:01:00.418,,,,,,,,,,,,,,,,
TEP.FR,E,08-11-2021,09:01:00.000,,,,,,,,,,,,,,,,,,,,,,,,,,,,,,,,,,,,
TEP.FR,E,08-11-2021,09:01:00.000,,,347.900000,50,,,,,,,,,,,,,,,,09:01:00.418,,,,,,,,,,,,,,,,
TEP.FR,E,08-11-2021,09:01:00.000,,,,,,,,,,,,,,,,,,,,,,,,,,,,,,,,,,,,
TEP.FR,E,08-11-2021,09:01:00.000,348.500000,27,,,,,,,,,,,,,,,,,,09:01:00.418,,,,,,,,,,,,,,,,
TEP.FR,E,08-11-2021,09:01:00.000,,,,,,,,,,,,,,,,,,,,,,,,,,,,,,,,,,,,
TEP.FR,E,08-11-2021,09:01:00.000,,,,,,,,,,,,,,,,,,,,,,,,,,,,,,,,,,,,
TEP.FR,E,08-11-2021,09:01:00.000,,,,,,,,,,,,,,,,,,,,,,,,,,,,,,,,,,,,
TEP.FR,E,08-11-2021,09:01:00.000,,,347.900000,53,,,,,,,,,,,,,,,,09:01:00.419,,,,,,,,,,,,,,,,
TEP.FR,E,08-11-2021,09:01:00.000,,,,,,,,,,,,,,,,,,,,,,,,,,,,,,,,,,,,
TEP.FR,E,08-11-2021,09:01:00.000,348.500000,35,,,,,,,,,,,,,,,,,,09:01:00.419,,,,,,,,,,,,,,,,
TEP.FR,E,08-11-2021,09:01:00.000,,,,,,,,,,,,,,,,,,,,,,,,,,,,,,,,,,,,
TEP.FR,E,08-11-2021,09:01:00.000,,,,,,,,,,,,,,,,,,,,,,,,,,,,,,,,,,,,
TEP.FR,E,08-11-2021,09:01:00.000,348.500000,27,,,,,,,,,,,,,,,,,,09:01:00.419,,,,,,,,,,,,,,,,
TEP.FR,E,08-11-2021,09:01:00.000,,,,,,,,,,,,,,,,,,,,,,,,,,,,,,,,,,,,
TEP.FR,E,08-11-2021,09:01:00.000,348.500000,35,,,,,,,,,,,,,,,,,,09:01:00.419,,,,,,,,,,,,,,,,
TEP.FR,E,08-11-2021,09:01:00.000,,,,,,,,,,,,,,,,,,,,,,,,,,,,,,,,,,,,
TEP.FR,E,08-11-2021,09:01:00.000,348.500000,27,,,,,,,,,,,,,,,,,,09:01:00.419,,,,,,,,,,,,,,,,
TEP.FR,E,08-11-2021,09:01:00.000,,,,,,,,,,,,,,,,,,,,,,,,,,,,,,,,,,,,
TEP.FR,E,08-11-2021,09:01:00.000,348.500000,39,,,,,,,,,,,,,,,,,,09:01:00.419,,,,,,,,,,,,,,,,
TEP.FR,E,08-11-2021,09:01:00.000,,,,,,,,,,,,,,,,,,,,,,,,,,,,,,,,,,,,
TEP.FR,E,08-11-2021,09:01:00.000,348.500000,47,,,,,,,,,,,,,,,,,,09:01:00.419,,,,,,,,,,,,,,,,
TEP.FR,E,08-11-2021,09:01:00.000,,,,,,,,,,,,,,,,,,,,,,,,,,,,,,,,,,,,
TEP.FR,E,08-11-2021,09:01:00.000,348.400000,35,,,,,,,,,,,,,,,,,,09:01:00.420,,,,,,,,,,,,,,,,
TEP.FR,E,08-11-2021,09:01:00.000,,,,,,,,,,,,,,,,,,,,,,,,,,,,,,,,,,,,
TEP.FR,E,08-11-2021,09:01:00.000,,,,,,,,,,,,,,,,,,,,,,,,,,,,,,,,,,,,
TEP.FR,E,08-11-2021,09:01:00.000,348.400000,50,,,,,,,,,,,,,,,,,,09:01:00.420,,,,,,,,,,,,,,,,
TEP.FR,E,08-11-2021,09:01:00.000,,,,,,,,,,,,,,,,,,,,,,,,,,,,,,,,,,,,
TEP.FR,E,08-11-2021,09:01:00.000,348.400000,59,,,,,,,,,,,,,,,,,,09:01:00.420,,,,,,,,,,,,,,,,
TEP.FR,E,08-11-2021,09:01:00.000,,,,,,,,,,,,,,,,,,,,,,,,,,,,,,,,,,,,
TEP.FR,E,08-11-2021,09:01:00.000,,,,,,,,,,,,,,,,,,,,,,,,,,,,,,,,,,,,
TEP.FR,E,08-11-2021,09:01:00.000,,,,,,,,,,,,,,,,,,,,,,,,,,,,,,,,,,,,
TEP.FR,E,08-11-2021,09:01:00.000,,,347.900000,3,,,,,,,,,,,,,,,,09:01:00.426,,,,,,,,,,,,,,,,
TEP.FR,E,08-11-2021,09:01:00.000,,,,,,,,,,,,,,,,,,,,,,,,,,,,,,,,,,,,
TEP.FR,E,08-11-2021,09:01:00.000,348.400000,67,,,,,,,,,,,,,,,,,,09:01:00.426,,,,,,,,,,,,,,,,
TEP.FR,E,08-11-2021,09:01:00.000,,,,,,,,,,,,,,,,,,,,,,,,,,,,,,,,,,,,
TEP.FR,E,08-11-2021,09:01:00.000,,,,,,,,,,,,,,,,,,,,,,,,,,,,,,,,,,,,
TEP.FR,E,08-11-2021,09:01:00.000,,,347.800000,18,,,,,,,,,,,,,,,,09:01:00.427,,,,,,,,,,,,,,,,
TEP.FR,E,08-11-2021,09:01:00.000,,,,,,,,,,,,,,,,,,,,,,,,,,,,,,,,,,,,
TEP.FR,E,08-11-2021,09:01:00.000,348.400000,59,,,,,,,,,,,,,,,,,,09:01:00.427,,,,,,,,,,,,,,,,
TEP.FR,E,08-11-2021,09:01:00.000,,,,,,,,,,,,,,,,,,,,,,,,,,,,,,,,,,,,
TEP.FR,E,08-11-2021,09:01:00.000,348.300000,9,,,,,,,,,,,,,,,,,,09:01:00.427,,,,,,,,,,,,,,,,
TEP.FR,E,08-11-2021,09:01:00.000,,,,,,,,,,,,,,,,,,,,,,,,,,,,,,,,,,,,
TEP.FR,E,08-11-2021,09:01:00.000,348.300000,24,,,,,,,,,,,,,,,,,,09:01:00.427,,,,,,,,,,,,,,,,
TEP.FR,E,08-11-2021,09:01:00.000,,,,,,,,,,,,,,,,,,,,,,,,,,,,,,,,,,,,
TEP.FR,E,08-11-2021,09:01:00.000,348.200000,18,,,,,,,,,,,,,,,,,,09:01:00.427,,,,,,,,,,,,,,,,
TEP.FR,E,08-11-2021,09:01:00.000,,,,,,,,,,,,,,,,,,,,,,,,,,,,,,,,,,,,
TEP.FR,E,08-11-2021,09:01:00.000,,,,,,,,,,,,,,,,,,,,,,,,,,,,,,,,,,,,
TEP.FR,E,08-11-2021,09:01:00.000,,,,,,,,,,,,,,,,,,,,,,,,,,,,,,,,,,,,
TEP.FR,E,08-11-2021,09:01:00.000,,,,,,,,,,,,,,,,,,,,,,,,,,,,,,,,,,,,
TEP.FR,E,08-11-2021,09:01:00.000,,,,,,,,,,,,,,,,,,,,,,,,,,,,,,,,,,,,
ENVOG.NL,I,08-11-2021,09:01:00.000,,,,,,,,,,2669.810000,,,,,,,,2669.810000,,09:01:00.311,,,,,,,,,,09:01:00.000,,,,,,
ENVOG.NL,I,08-11-2021,09:01:00.000,,,,,,,,,,2669.810000,,,,,,,,,,,,,,,,,,,,,,,,,,
ENVBN.NL,I,08-11-2021,09:01:00.000,,,,,,,,,,,,,,,,,,3084.400000,,09:01:00.311,,,,,,,,,,09:01:00.000,,,,,,
BFIT.NL,E,08-11-2021,09:01:00.000,,,48.580000,87,,,,,,,,,,,,,,,,09:01:00.665,,,,,,,,,,,,,,,,
BFIT.NL,E,08-11-2021,09:01:00.000,,,,,,,,,,,,,,,,,,,,,,,,,,,,,,,,,,,,
BFIT.NL,E,08-11-2021,09:01:00.000,,,48.600000,146,,,,,,,,,,,,,,,,09:01:00.666,,,,,,,,,,,,,,,,
BFIT.NL,E,08-11-2021,09:01:00.000,,,,,,,,,,,,,,,,,,,,,,,,,,,,,,,,,,,,
BFIT.NL,E,08-11-2021,09:01:00.000,,,,,,,,,,,,,,,,,,,,,,,,,,,,,,,,,,,,
BFIT.NL,E,08-11-2021,09:01:00.000,,,,,,,,,,,,,,,,,,,,,,,,,,,,,,,,,,,,
BFIT.NL,E,08-11-2021,09:01:00.000,,,48.560000,146,,,,,,,,,,,,,,,,09:01:00.667,,,,,,,,,,,,,,,,
BFIT.NL,E,08-11-2021,09:01:00.000,,,,,,,,,,,,,,,,,,,,,,,,,,,,,,,,,,,,
BFIT.NL,E,08-11-2021,09:01:00.000,,,,,,,,,,,,,,,,,,,,,,,,,,,,,,,,,,,,
VLA.FR,E,08-11-2021,09:01:00.000,,,,,,,,,,,,,,,,,,,,,,,,,,,,,,,,,,,,
BFIT.NL,E,08-11-2021,09:01:00.000,,,,,,,,,,,,,,,,,,,,,,,,,,,,,,,,,,,,
BFIT.NL,E,08-11-2021,09:01:00.000,,,,,,,,,,,,,,,,,,,,,,,,,,,,,,,,,,,,
VLA.FR,E,08-11-2021,09:01:00.000,,,,,,,,,,,,,,,,,,,,,,,,,,,,,,,,,,,,
VLA.FR,E,08-11-2021,09:01:00.000,,,,,,,,,,,,,,,,,,,,,,,,,,,,,,,,,,,,
UNA.NL,E,08-11-2021,09:01:00.000,,,,,,,,,,,,,,,,,,,,,,,,,,,,,,,,,,,,
UNA.NL,E,08-11-2021,09:01:00.000,,,,,,,,,,,,,,,,,,,,,,,,,,,,,,,,,,,,
UNA.NL,E,08-11-2021,09:01:00.000,,,,,,,,,,,,,,,,,,,,,,,,,,,,,,,,,,,,
VLA.FR,E,08-11-2021,09:01:00.000,17.110000,985,,,,,,,,,,,,,,,,,,09:01:00.697,,,,,,,,,,,,,,,,
VLA.FR,E,08-11-2021,09:01:00.000,,,,,,,,,,,,,,,,,,,,,,,,,,,,,,,,,,,,
VLA.FR,E,08-11-2021,09:01:00.000,,,,,,,,,,,,,,,,,,,,,,,,,,,,,,,,,,,,
ENVEO.NL,I,08-11-2021,09:01:00.000,,,,,,,,,,1842.510000,,,,,,,,1842.510000,,09:01:00.311,,,,,,,,,,09:01:00.000,,,,,,
ENVEO.NL,I,08-11-2021,09:01:00.000,,,,,,,,,,1842.510000,,,,,,,,,,,,,,,,,,,,,,,,,,
ENVB.NL,I,08-11-2021,09:01:00.000,,,,,,,,,,,,,,,,,,2352.120000,,09:01:00.311,,,,,,,,,,09:01:00.000,,,,,,
ENVBG.NL,I,08-11-2021,09:01:00.000,,,,,,,,,,,,,,,,,,3273.710000,,09:01:00.311,,,,,,,,,,09:01:00.000,,,,,,
CA.FR,E,08-11-2021,09:01:00.000,,,15.420000,400,,,,,,,,,,,,,,,,09:01:00.694,,,,,,,,,,,,,,,,
CA.FR,E,08-11-2021,09:01:00.000,,,,,,,,,,,,,,,,,,,,,,,,,,,,,,,,,,,,
CA.FR,E,08-11-2021,09:01:00.000,,,15.415000,804,,,,,,,,,,,,,,,,09:01:00.694,,,,,,,,,,,,,,,,
CA.FR,E,08-11-2021,09:01:00.000,,,,,,,,,,,,,,,,,,,,,,,,,,,,,,,,,,,,
HEIA.NL,E,08-11-2021,09:01:00.000,,,,,,,,,,,,,,,,,,,,,,,,,,,,,,,,,,,,
HEIA.NL,E,08-11-2021,09:01:00.000,,,,,,,,,,,,,,,,,,,,,,,,,,,,,,,,,,,,
HEIA.NL,E,08-11-2021,09:01:00.000,97.260000,559,,,,,,,,,,,,,,,,,,09:01:00.699,,,,,,,,,,,,,,,,
HEIA.NL,E,08-11-2021,09:01:00.000,,,,,,,,,,,,,,,,,,,,,,,,,,,,,,,,,,,,
HEIA.NL,E,08-11-2021,09:01:00.000,,,,,,,,,,,,,,,,,,97.240000,13,09:01:00.699,2697,,08-11-2021,,,,,,,09:01:00.000,,,,,,
HEIA.NL,E,08-11-2021,09:01:00.000,,,,,,,,,,,,,,,,,,,,,2697,,,,,,,,,,,,,,,
HEIA.NL,E,08-11-2021,09:01:00.000,,,,,,,,,,,,,,,,,,,,,,,,,,,,,,,,,,,,
HEIA.NL,E,08-11-2021,09:01:00.000,,,97.220000,60,,,,,,,,,,,,,,,,09:01:00.699,,,,,,,,,,,,,,,,
HEIA.NL,E,08-11-2021,09:01:00.000,,,,,,,,,,,,,,,,,,,,,,,,,,,,,,,,,,,,
HEIA.NL,E,08-11-2021,09:01:00.000,,,,,,,,,,,,,,,,,,,,,,,,,,,,,,,,,,,,
HEIA.NL,E,08-11-2021,09:01:00.000,,,,,,,,,,,,,,,,,,,,,,,,,,,,,,,,,,,,
HEIA.NL,E,08-11-2021,09:01:00.000,,,,,,,,,,,,,,,,,,,,,,,,,,,,,,,,,,,,
HEIA.NL,E,08-11-2021,09:01:00.000,,,,,,,,,,,,,,,,,,,,,,,,,,,,,,,,,,,,
HEIA.NL,E,08-11-2021,09:01:00.000,,,97.240000,70,,,,,,,,,,,,,,,,09:01:00.700,,,,,,,,,,,,,,,,
HEIA.NL,E,08-11-2021,09:01:00.000,,,,,,,,,,,,,,,,,,,,,,,,,,,,,,,,,,,,
HEIA.NL,E,08-11-2021,09:01:00.000,,,,,,,,,,,,,,,,,,,,,,,,,,,,,,,,,,,,
HEIA.NL,E,08-11-2021,09:01:00.000,97.260000,455,,,,,,,,,,,,,,,,,,09:01:00.700,,,,,,,,,,,,,,,,
HEIA.NL,E,08-11-2021,09:01:00.000,,,,,,,,,,,,,,,,,,,,,,,,,,,,,,,,,,,,
HEIA.NL,E,08-11-2021,09:01:00.000,97.260000,450,,,,,,,,,,,,,,,,,,09:01:00.700,,,,,,,,,,,,,,,,
HEIA.NL,E,08-11-2021,09:01:00.000,,,,,,,,,,,,,,,,,,,,,,,,,,,,,,,,,,,,
HEIA.NL,E,08-11-2021,09:01:00.000,97.260000,170,,,,,,,,,,,,,,,,,,09:01:00.700,,,,,,,,,,,,,,,,
HEIA.NL,E,08-11-2021,09:01:00.000,,,,,,,,,,,,,,,,,,,,,,,,,,,,,,,,,,,,
HEIA.NL,E,08-11-2021,09:01:00.000,97.300000,22,,,,,,,,,,,,,,,,,,09:01:00.700,,,,,,,,,,,,,,,,
HEIA.NL,E,08-11-2021,09:01:00.000,,,,,,,,,,,,,,,,,,,,,,,,,,,,,,,,,,,,
HEIA.NL,E,08-11-2021,09:01:00.000,,,,,,,,,,,,,,,,,,,,,,,,,,,,,,,,,,,,
HEIA.NL,E,08-11-2021,09:01:00.000,,,,,,,,,,,,,,,,,,,,,,,,,,,,,,,,,,,,
HEIA.NL,E,08-11-2021,09:01:00.000,,,,,,,,,,,,,,,,,,,,,,,,,,,,,,,,,,,,
HEIA.NL,E,08-11-2021,09:01:00.000,,,,,,,,,,,,,,,,,,,,,,,,,,,,,,,,,,,,
HEIA.NL,E,08-11-2021,09:01:00.000,,,,,,,,,,,,,,,,,,,,,,,,,,,,,,,,,,,,
HEIA.NL,E,08-11-2021,09:01:00.000,,,,,,,,,,,,,,,,,,,,,,,,,,,,,,,,,,,,
HEIA.NL,E,08-11-2021,09:01:00.000,,,,,,,,,,,,,,,,,,,,,,,,,,,,,,,,,,,,
HEIA.NL,E,08-11-2021,09:01:00.000,,,97.240000,111,,,,,,,,,,,,,,,,09:01:00.701,,,,,,,,,,,,,,,,
HEIA.NL,E,08-11-2021,09:01:00.000,,,,,,,,,,,,,,,,,,,,,,,,,,,,,,,,,,,,
HEIA.NL,E,08-11-2021,09:01:00.000,,,,,,,,,,,,,,,,,,,,,,,,,,,,,,,,,,,,
HEIA.NL,E,08-11-2021,09:01:00.000,,,,,,,,,,,,,,,,,,,,,,,,,,,,,,,,,,,,
HEIA.NL,E,08-11-2021,09:01:00.000,,,,,,,,,,,,,,,,,,,,,,,,,,,,,,,,,,,,
HEIA.NL,E,08-11-2021,09:01:00.000,,,,,,,,,,,,,,,,,,97.260000,104,09:01:00.700,2801,,08-11-2021,,,,,,,09:01:00.000,,,,,,
HEIA.NL,E,08-11-2021,09:01:00.000,,,,,,,,,,,,,,,,,,,,,2801,,,,,,,,,,,,,,,
HEIA.NL,E,08-11-2021,09:01:00.000,,,,,,,,,,,,,,,,,,97.260000,5,09:01:00.700,2806,,08-11-2021,,,,,,,09:01:00.000,,,,,,
HEIA.NL,E,08-11-2021,09:01:00.000,,,,,,,,,,,,,,,,,,,,,2806,,,,,,,,,,,,,,,
HEIA.NL,E,08-11-2021,09:01:00.000,,,,,,,,,,,,,,,,,,97.260000,280,09:01:00.700,3086,,08-11-2021,,,,,,,09:01:00.000,,,,,,
HEIA.NL,E,08-11-2021,09:01:00.000,,,,,,,,,,,,,,,,,,,,,3086,,,,,,,,,,,,,,,
HEIA.NL,E,08-11-2021,09:01:00.000,,,,,,,,,,,,,,,,,,97.260000,170,09:01:00.700,3256,,08-11-2021,,,,,,,09:01:00.000,,,,,,
HEIA.NL,E,08-11-2021,09:01:00.000,,,,,,,,,,,,,,,,,,,,,3256,,,,,,,,,,,,,,,
HEIA.NL,E,08-11-2021,09:01:00.000,,,,,,,,,,,,,,,,,,,,,,,,,,,,,,,,,,,,
HEIA.NL,E,08-11-2021,09:01:00.000,,,,,,,,,,,,,,,,,,,,,,,,,,,,,,,,,,,,
HEIA.NL,E,08-11-2021,09:01:00.000,,,,,,,,,,,,,,,,,,,,,,,,,,,,,,,,,,,,
HEIA.NL,E,08-11-2021,09:01:00.000,,,97.240000,286,,,,,,,,,,,,,,,,09:01:00.715,,,,,,,,,,,,,,,,
HEIA.NL,E,08-11-2021,09:01:00.000,,,,,,,,,,,,,,,,,,,,,,,,,,,,,,,,,,,,
HEIA.NL,E,08-11-2021,09:01:00.000,,,,,,,,,,,,,,,,,,,,,,,,,,,,,,,,,,,,
HEIA.NL,E,08-11-2021,09:01:00.000,,,,,,,,,,,,,,,,,,,,,,,,,,,,,,,,,,,,
RCO.FR,E,08-11-2021,09:01:00.000,178.700000,87,,,,,,,,,,,,,,,,,,09:01:00.715,,,,,,,,,,,,,,,,
RCO.FR,E,08-11-2021,09:01:00.000,,,,,,,,,,,,,,,,,,,,,,,,,,,,,,,,,,,,
RCO.FR,E,08-11-2021,09:01:00.000,,,,,,,,,,,,,,,,,,,,,,,,,,,,,,,,,,,,
RCO.FR,E,08-11-2021,09:01:00.000,,,178.200000,40,,,,,,,,,,,,,,,,09:01:00.715,,,,,,,,,,,,,,,,
RCO.FR,E,08-11-2021,09:01:00.000,,,,,,,,,,,,,,,,,,,,,,,,,,,,,,,,,,,,
RCO.FR,E,08-11-2021,09:01:00.000,178.700000,95,,,,,,,,,,,,,,,,,,09:01:00.715,,,,,,,,,,,,,,,,
RCO.FR,E,08-11-2021,09:01:00.000,,,,,,,,,,,,,,,,,,,,,,,,,,,,,,,,,,,,
RCO.FR,E,08-11-2021,09:01:00.000,,,,,,,,,,,,,,,,,,,,,,,,,,,,,,,,,,,,
RCO.FR,E,08-11-2021,09:01:00.000,,,,,,,,,,,,,,,,,,,,,,,,,,,,,,,,,,,,
RCO.FR,E,08-11-2021,09:01:00.000,,,,,,,,,,,,,,,,,,,,,,,,,,,,,,,,,,,,
RCO.FR,E,08-11-2021,09:01:00.000,,,,,,,,,,,,,,,,,,,,,,,,,,,,,,,,,,,,
RCO.FR,E,08-11-2021,09:01:00.000,,,,,,,,,,,,,,,,,,,,,,,,,,,,,,,,,,,,
RCO.FR,E,08-11-2021,09:01:00.000,178.700000,108,,,,,,,,,,,,,,,,,,09:01:00.715,,,,,,,,,,,,,,,,
RCO.FR,E,08-11-2021,09:01:00.000,,,,,,,,,,,,,,,,,,,,,,,,,,,,,,,,,,,,
RCO.FR,E,08-11-2021,09:01:00.000,178.700000,67,,,,,,,,,,,,,,,,,,09:01:00.716,,,,,,,,,,,,,,,,
RCO.FR,E,08-11-2021,09:01:00.000,,,,,,,,,,,,,,,,,,,,,,,,,,,,,,,,,,,,
RCO.FR,E,08-11-2021,09:01:00.000,,,,,,,,,,,,,,,,,,,,,,,,,,,,,,,,,,,,
RCO.FR,E,08-11-2021,09:01:00.000,178.700000,108,,,,,,,,,,,,,,,,,,09:01:00.716,,,,,,,,,,,,,,,,
RCO.FR,E,08-11-2021,09:01:00.000,,,,,,,,,,,,,,,,,,,,,,,,,,,,,,,,,,,,
RCO.FR,E,08-11-2021,09:01:00.000,,,,,,,,,,,,,,,,,,,,,,,,,,,,,,,,,,,,
RCO.FR,E,08-11-2021,09:01:00.000,178.600000,125,,,,,,,,,,,,,,,,,,09:01:00.716,,,,,,,,,,,,,,,,
RCO.FR,E,08-11-2021,09:01:00.000,,,,,,,,,,,,,,,,,,,,,,,,,,,,,,,,,,,,
RCO.FR,E,08-11-2021,09:01:00.000,178.500000,40,,,,,,,,,,,,,,,,,,09:01:00.716,,,,,,,,,,,,,,,,
RCO.FR,E,08-11-2021,09:01:00.000,,,,,,,,,,,,,,,,,,,,,,,,,,,,,,,,,,,,
RCO.FR,E,08-11-2021,09:01:00.000,,,,,,,,,,,,,,,,,,,,,,,,,,,,,,,,,,,,
RCO.FR,E,08-11-2021,09:01:00.000,,,,,,,,,,,,,,,,,,,,,,,,,,,,,,,,,,,,
RCO.FR,E,08-11-2021,09:01:00.000,,,,,,,,,,,,,,,,,,,,,,,,,,,,,,,,,,,,
RCO.FR,E,08-11-2021,09:01:00.000,,,,,,,,,,,,,,,,,,,,,,,,,,,,,,,,,,,,
RCO.FR,E,08-11-2021,09:01:00.000,,,,,,,,,,,,,,,,,,,,,,,,,,,,,,,,,,,,
RCO.FR,E,08-11-2021,09:01:00.000,,,,,,,,,,,,,,,,,,,,,,,,,,,,,,,,,,,,
RCO.FR,E,08-11-2021,09:01:00.000,,,,,,,,,,,,,,,,,,,,,,,,,,,,,,,,,,,,
RCO.FR,E,08-11-2021,09:01:00.000,,,,,,,,,,,,,,,,,,,,,,,,,,,,,,,,,,,,
RCO.FR,E,08-11-2021,09:01:00.000,,,,,,,,,,,,,,,,,,,,,,,,,,,,,,,,,,,,
RCO.FR,E,08-11-2021,09:01:00.000,,,,,,,,,,,,,,,,,,,,,,,,,,,,,,,,,,,,
ENVON.NL,I,08-11-2021,09:01:00.000,,,,,,,,,,2430.490000,,,,,,,,2430.490000,,09:01:00.311,,,,,,,,,,09:01:00.000,,,,,,
ENVON.NL,I,08-11-2021,09:01:00.000,,,,,,,,,,2430.490000,,,,,,,,,,,,,,,,,,,,,,,,,,
AEEXT.NL,I,08-11-2021,09:01:00.000,,,,,,,,,,,,,,,,,,818.780000,,09:01:00.311,,,,,,,,,,09:01:00.000,,,,,,
AMG.NL,E,08-11-2021,09:01:00.000,25.460000,518,,,,,,,,,,,,,,,,,,09:01:00.715,,,,,,,,,,,,,,,,
AMG.NL,E,08-11-2021,09:01:00.000,,,,,,,,,,,,,,,,,,,,,,,,,,,,,,,,,,,,
AMG.NL,E,08-11-2021,09:01:00.000,,,,,,,,,,,,,,,,,,,,,,,,,,,,,,,,,,,,
AMG.NL,E,08-11-2021,09:01:00.000,,,,,,,,,,,,,,,,,,,,,,,,,,,,,,,,,,,,
AMG.NL,E,08-11-2021,09:01:00.000,,,,,,,,,,,,,,,,,,,,,,,,,,,,,,,,,,,,
PNL.NL,E,08-11-2021,09:01:00.000,3.736000,1500,,,,,,,,,,,,,,,,,,09:01:00.721,,,,,,,,,,,,,,,,
PNL.NL,E,08-11-2021,09:01:00.000,,,,,,,,,,,,,,,,,,,,,,,,,,,,,,,,,,,,
PNL.NL,E,08-11-2021,09:01:00.000,,,,,,,,,,,,,,,,,,,,,,,,,,,,,,,,,,,,
PNL.NL,E,08-11-2021,09:01:00.000,,,,,,,,,,,,,,,,,,,,,,,,,,,,,,,,,,,,
RCO.FR,E,08-11-2021,09:01:00.000,,,,,,,,,,,,,,,,,,,,,,,,,,,,,,,,,,,,
RCO.FR,E,08-11-2021,09:01:00.000,,,,,,,,,,,,,,,,,,,,,,,,,,,,,,,,,,,,
RCO.FR,E,08-11-2021,09:01:00.000,,,,,,,,,,,,,,,,,,,,,,,,,,,,,,,,,,,,
RCO.FR,E,08-11-2021,09:01:00.000,178.500000,78,,,,,,,,,,,,,,,,,,09:01:00.721,,,,,,,,,,,,,,,,
RCO.FR,E,08-11-2021,09:01:00.000,,,,,,,,,,,,,,,,,,,,,,,,,,,,,,,,,,,,
RCO.FR,E,08-11-2021,09:01:00.000,,,178.000000,115,,,,,,,,,,,,,,,,09:01:00.722,,,,,,,,,,,,,,,,
RCO.FR,E,08-11-2021,09:01:00.000,,,,,,,,,,,,,,,,,,,,,,,,,,,,,,,,,,,,
RCO.FR,E,08-11-2021,09:01:00.000,,,178.100000,40,,,,,,,,,,,,,,,,09:01:00.722,,,,,,,,,,,,,,,,
RCO.FR,E,08-11-2021,09:01:00.000,,,,,,,,,,,,,,,,,,,,,,,,,,,,,,,,,,,,
RCO.FR,E,08-11-2021,09:01:00.000,,,,,,,,,,,,,,,,,,,,,,,,,,,,,,,,,,,,
PNL.NL,E,08-11-2021,09:01:00.000,3.737000,770,,,,,,,,,,,,,,,,,,09:01:00.722,,,,,,,,,,,,,,,,
PNL.NL,E,08-11-2021,09:01:00.000,,,,,,,,,,,,,,,,,,,,,,,,,,,,,,,,,,,,
PNL.NL,E,08-11-2021,09:01:00.000,,,,,,,,,,,,,,,,,,,,,,,,,,,,,,,,,,,,
PNL.NL,E,08-11-2021,09:01:00.000,,,,,,,,,,,,,,,,,,,,,,,,,,,,,,,,,,,,
PNL.NL,E,08-11-2021,09:01:00.000,,,,,,,,,,,,,,,,,,,,,,,,,,,,,,,,,,,,
PNL.NL,E,08-11-2021,09:01:00.000,,,,,,,,,,,,,,,,,,,,,,,,,,,,,,,,,,,,
PNL.NL,E,08-11-2021,09:01:00.000,,,,,,,,,,,,,,,,,,,,,,,,,,,,,,,,,,,,
PNL.NL,E,08-11-2021,09:01:00.000,,,3.718000,2046,,,,,,,,,,,,,,,,09:01:00.723,,,,,,,,,,,,,,,,
PNL.NL,E,08-11-2021,09:01:00.000,,,,,,,,,,,,,,,,,,,,,,,,,,,,,,,,,,,,
PNL.NL,E,08-11-2021,09:01:00.000,3.738000,1821,,,,,,,,,,,,,,,,,,09:01:00.723,,,,,,,,,,,,,,,,
PNL.NL,E,08-11-2021,09:01:00.000,,,,,,,,,,,,,,,,,,,,,,,,,,,,,,,,,,,,
PNL.NL,E,08-11-2021,09:01:00.000,,,,,,,,,,,,,,,,,,,,,,,,,,,,,,,,,,,,
PNL.NL,E,08-11-2021,09:01:00.000,,,3.716000,4800,,,,,,,,,,,,,,,,09:01:00.723,,,,,,,,,,,,,,,,
PNL.NL,E,08-11-2021,09:01:00.000,,,,,,,,,,,,,,,,,,,,,,,,,,,,,,,,,,,,
PNL.NL,E,08-11-2021,09:01:00.000,,,3.717000,1750,,,,,,,,,,,,,,,,09:01:00.723,,,,,,,,,,,,,,,,
PNL.NL,E,08-11-2021,09:01:00.000,,,,,,,,,,,,,,,,,,,,,,,,,,,,,,,,,,,,
TRAT0N.ETR,E,08-11-2021,09:01:00.000,22.800000,399,,,09:01:00.255,,,,,,,,,,,,,,,09:01:00.255,,,,,,,,,,,,,,,,
A141J3.ETR,E,08-11-2021,09:01:00.000,,,,,,,,,,,,,,,,,,,,09:01:00.724,,,,,,,,,,,,,,,,
871784.ETR,E,08-11-2021,09:01:00.000,,,0.567400,5000,,,,,,,,,,,,,,,,09:01:00.722,,,,,,,,,,,,,,09:01:00.722,,
RDSA.NL,E,08-11-2021,09:01:00.000,,,,,,,,,,,,,,,,,,,,,,,,,,,,,,,,,,,,
RDSA.NL,E,08-11-2021,09:01:00.000,,,,,,,,,,,,,,,,,,,,,,,,,,,,,,,,,,,,
FLOW.NL,E,08-11-2021,09:01:00.000,,,,,,,,,,,,,,29.720000,,,,29.720000,20,09:01:00.727,8352,,08-11-2021,,,,,,,09:01:00.000,,,,,,
FLOW.NL,E,08-11-2021,09:01:00.000,,,,,,,,,,,,,,29.720000,,,,,,,8352,,,,,,,,,,,,,,,
FLOW.NL,E,08-11-2021,09:01:00.000,,,,,,,,,,,,,,,,,,,,,,,,,,,,,,,,,,,,
FLOW.NL,E,08-11-2021,09:01:00.000,,,,,,,,,,,,,,,,,,,,,,,,,,,,,,,,,,,,
FLOW.NL,E,08-11-2021,09:01:00.000,,,29.720000,546,,,,,,,,,,,,,,,,09:01:00.727,,,,,,,,,,,,,,,,
FLOW.NL,E,08-11-2021,09:01:00.000,,,,,,,,,,,,,,,,,,,,,,,,,,,,,,,,,,,,
MERY.FR,E,08-11-2021,09:01:00.000,,,,,,,,,,,,,,,,,,,,,,,,,,,,,,,,,,,,
MERY.FR,E,08-11-2021,09:01:00.000,,,,,,,,,,,,,,,,,,,,,,,,,,,,,,,,,,,,
MERY.FR,E,08-11-2021,09:01:00.000,,,,,,,,,,,,,,,,,,,,,,,,,,,,,,,,,,,,
MERY.FR,E,08-11-2021,09:01:00.000,,,,,,,,,,,,,,,,,,,,,,,,,,,,,,,,,,,,
MERY.FR,E,08-11-2021,09:01:00.000,,,9.555000,170,,,,,,,,,,,,,,,,09:01:00.729,,,,,,,,,,,,,,,,
MERY.FR,E,08-11-2021,09:01:00.000,,,,,,,,,,,,,,,,,,,,,,,,,,,,,,,,,,,,
MERY.FR,E,08-11-2021,09:01:00.000,,,,,,,,,,,,,,,,,,,,,,,,,,,,,,,,,,,,
MERY.FR,E,08-11-2021,09:01:00.000,,,9.545000,424,,,,,,,,,,,,,,,,09:01:00.729,,,,,,,,,,,,,,,,
MERY.FR,E,08-11-2021,09:01:00.000,,,,,,,,,,,,,,,,,,,,,,,,,,,,,,,,,,,,
MERY.FR,E,08-11-2021,09:01:00.000,,,9.550000,500,,,,,,,,,,,,,,,,09:01:00.729,,,,,,,,,,,,,,,,
MERY.FR,E,08-11-2021,09:01:00.000,,,,,,,,,,,,,,,,,,,,,,,,,,,,,,,,,,,,
MERY.FR,E,08-11-2021,09:01:00.000,,,,,,,,,,,,,,,,,,,,,,,,,,,,,,,,,,,,
VPK.NL,E,08-11-2021,09:01:00.000,,,,,,,,,,,,,,,,,,,,,,,,,,,,,,,,,,,,
VPK.NL,E,08-11-2021,09:01:00.000,,,,,,,,,,,,,,,,,,,,,,,,,,,,,,,,,,,,
VPK.NL,E,08-11-2021,09:01:00.000,,,34.070000,100,,,,,,,,,,,,,,,,09:01:00.730,,,,,,,,,,,,,,,,
VPK.NL,E,08-11-2021,09:01:00.000,,,,,,,,,,,,,,,,,,,,,,,,,,,,,,,,,,,,
VPK.NL,E,08-11-2021,09:01:00.000,,,,,,,,,,,,,,34.080000,,,,34.080000,1860,09:01:00.730,11420,,08-11-2021,,,,,,,09:01:00.000,,,,,,
VPK.NL,E,08-11-2021,09:01:00.000,,,,,,,,,,,,,,34.080000,,,,,,,11420,,,,,,,,,,,,,,,
VPK.NL,E,08-11-2021,09:01:00.000,34.080000,170,,,,,,,,,,,,,,,,,,09:01:00.730,,,,,,,,,,,,,,,,
VPK.NL,E,08-11-2021,09:01:00.000,,,,,,,,,,,,,,,,,,,,,,,,,,,,,,,,,,,,
VPK.NL,E,08-11-2021,09:01:00.000,,,,,,,,,,,,,,,,,,,,,,,,,,,,,,,,,,,,
VPK.NL,E,08-11-2021,09:01:00.000,,,,,,,,,,,,,,,,,,,,,,,,,,,,,,,,,,,,
VPK.NL,E,08-11-2021,09:01:00.000,,,34.060000,604,,,,,,,,,,,,,,,,09:01:00.730,,,,,,,,,,,,,,,,
VPK.NL,E,08-11-2021,09:01:00.000,,,,,,,,,,,,,,,,,,,,,,,,,,,,,,,,,,,,
VPK.NL,E,08-11-2021,09:01:00.000,,,,,,,,,,,,,,,,,,,,,,,,,,,,,,,,,,,,
MERY.FR,E,08-11-2021,09:01:00.000,,,,,,,,,,,,,,,,,,,,,,,,,,,,,,,,,,,,
MERY.FR,E,08-11-2021,09:01:00.000,9.590000,54,,,,,,,,,,,,,,,,,,09:01:00.730,,,,,,,,,,,,,,,,
MERY.FR,E,08-11-2021,09:01:00.000,,,,,,,,,,,,,,,,,,,,,,,,,,,,,,,,,,,,
MERY.FR,E,08-11-2021,09:01:00.000,,,9.550000,1049,,,,,,,,,,,,,,,,09:01:00.731,,,,,,,,,,,,,,,,
MERY.FR,E,08-11-2021,09:01:00.000,,,,,,,,,,,,,,,,,,,,,,,,,,,,,,,,,,,,
MERY.FR,E,08-11-2021,09:01:00.000,,,,,,,,,,,,,,,,,,,,,,,,,,,,,,,,,,,,
VPK.NL,E,08-11-2021,09:01:00.000,,,,,,,,,,,,,,34.070000,,,,34.070000,100,09:01:00.730,11520,,08-11-2021,,,,,,,09:01:00.000,,,,,,
VPK.NL,E,08-11-2021,09:01:00.000,,,,,,,,,,,,,,34.070000,,,,,,,11520,,,,,,,,,,,,,,,
VPK.NL,E,08-11-2021,09:01:00.000,,,34.060000,540,,,,,,,,,,,,,,,,09:01:00.731,,,,,,,,,,,,,,,,
VPK.NL,E,08-11-2021,09:01:00.000,,,,,,,,,,,,,,,,,,,,,,,,,,,,,,,,,,,,
MERY.FR,E,08-11-2021,09:01:00.000,9.590000,651,,,,,,,,,,,,,,,,,,09:01:00.732,,,,,,,,,,,,,,,,
MERY.FR,E,08-11-2021,09:01:00.000,,,,,,,,,,,,,,,,,,,,,,,,,,,,,,,,,,,,
HEIA.NL,E,08-11-2021,09:01:00.000,97.300000,51,,,,,,,,,,,,,,,,,,09:01:00.730,,,,,,,,,,,,,,,,
HEIA.NL,E,08-11-2021,09:01:00.000,,,,,,,,,,,,,,,,,,,,,,,,,,,,,,,,,,,,
HEIA.NL,E,08-11-2021,09:01:00.000,,,97.240000,216,,,,,,,,,,,,,,,,09:01:00.730,,,,,,,,,,,,,,,,
HEIA.NL,E,08-11-2021,09:01:00.000,,,,,,,,,,,,,,,,,,,,,,,,,,,,,,,,,,,,
HEIA.NL,E,08-11-2021,09:01:00.000,97.280000,70,,,,,,,,,,,,,,,,,,09:01:00.730,,,,,,,,,,,,,,,,
HEIA.NL,E,08-11-2021,09:01:00.000,,,,,,,,,,,,,,,,,,,,,,,,,,,,,,,,,,,,
HEIA.NL,E,08-11-2021,09:01:00.000,,,,,,,,,,,,,,,,,,,,,,,,,,,,,,,,,,,,
HEIA.NL,E,08-11-2021,09:01:00.000,,,,,,,,,,,,,,,,,,,,,,,,,,,,,,,,,,,,
HEIA.NL,E,08-11-2021,09:01:00.000,,,97.240000,96,,,,,,,,,,,,,,,,09:01:00.731,,,,,,,,,,,,,,,,
HEIA.NL,E,08-11-2021,09:01:00.000,,,,,,,,,,,,,,,,,,,,,,,,,,,,,,,,,,,,
HEIA.NL,E,08-11-2021,09:01:00.000,,,97.220000,60,,,,,,,,,,,,,,,,09:01:00.731,,,,,,,,,,,,,,,,
HEIA.NL,E,08-11-2021,09:01:00.000,,,,,,,,,,,,,,,,,,,,,,,,,,,,,,,,,,,,
HEIA.NL,E,08-11-2021,09:01:00.000,,,,,,,,,,,,,,,,,,,,,,,,,,,,,,,,,,,,
HEIA.NL,E,08-11-2021,09:01:00.000,,,97.200000,316,,,,,,,,,,,,,,,,09:01:00.732,,,,,,,,,,,,,,,,
HEIA.NL,E,08-11-2021,09:01:00.000,,,,,,,,,,,,,,,,,,,,,,,,,,,,,,,,,,,,
HEIA.NL,E,08-11-2021,09:01:00.000,,,,,,,,,,,,,,,,,,,,,,,,,,,,,,,,,,,,
HEIA.NL,E,08-11-2021,09:01:00.000,,,,,,,,,,,,,,,,,,97.240000,41,09:01:00.731,3297,,08-11-2021,,,,,,,09:01:00.000,,,,,,
HEIA.NL,E,08-11-2021,09:01:00.000,,,,,,,,,,,,,,,,,,,,,3297,,,,,,,,,,,,,,,
HEIA.NL,E,08-11-2021,09:01:00.000,,,,,,,,,,,,,,,,,,97.240000,79,09:01:00.731,3376,,08-11-2021,,,,,,,09:01:00.000,,,,,,
HEIA.NL,E,08-11-2021,09:01:00.000,,,,,,,,,,,,,,,,,,,,,3376,,,,,,,,,,,,,,,
HEIA.NL,E,08-11-2021,09:01:00.000,,,,,,,,,,,,,,,,,,97.240000,96,09:01:00.731,3472,,08-11-2021,,,,,,,09:01:00.000,,,,,,
HEIA.NL,E,08-11-2021,09:01:00.000,,,,,,,,,,,,,,,,,,,,,3472,,,,,,,,,,,,,,,
STM.FR,E,08-11-2021,09:01:00.000,,,,,,,,,,,,,,,,,,,,,,,,,,,,,,,,,,,,
A1DAHH.ETR,E,08-11-2021,09:01:00.000,80.320000,70,,,09:01:00.735,,,,,,,,,,,,,,,09:01:00.735,,80.280000,,,,,,,,,,,,,,
881905.ETR,E,08-11-2021,09:01:00.000,,,19.255000,500,,,,,,,,,,,,,,,,09:01:00.736,,,,,,,,,,,,,,09:01:00.736,,
COFA.FR,E,08-11-2021,09:01:00.000,,,,,,,,,,,,,,,,,,,,,,,,,,,,,,,,,,,,
DEC.FR,E,08-11-2021,09:01:00.000,,,,,,,,,,,,,,,,,,,,,,,,,,,,,,,,,,,,
DEC.FR,E,08-11-2021,09:01:00.000,,,,,,,,,,,,,,,,,,,,,,,,,,,,,,,,,,,,
TEP.FR,E,08-11-2021,09:01:00.000,,,,,,,,,,,,,,,,,,,,,,,,,,,,,,,,,,,,
TEP.FR,E,08-11-2021,09:01:00.000,,,,,,,,,,,,,,,,,,,,,,,,,,,,,,,,,,,,
TEP.FR,E,08-11-2021,09:01:00.000,,,,,,,,,,,,,,,,,,,,,,,,,,,,,,,,,,,,
TEP.FR,E,08-11-2021,09:01:00.000,,,,,,,,,,,,,,,,,,,,,,,,,,,,,,,,,,,,
OR.FR,E,08-11-2021,09:01:00.000,,,412.300000,25,,,,,,,,,,,,,,,,09:01:00.600,,,,,,,,,,,,,,,,
OR.FR,E,08-11-2021,09:01:00.000,,,,,,,,,,,,,,,,,,,,,,,,,,,,,,,,,,,,
OR.FR,E,08-11-2021,09:01:00.000,,,412.300000,10,,,,,,,,,,,,,,,,09:01:00.603,,,,,,,,,,,,,,,,
OR.FR,E,08-11-2021,09:01:00.000,,,,,,,,,,,,,,,,,,,,,,,,,,,,,,,,,,,,
OR.FR,E,08-11-2021,09:01:00.000,,,412.250000,26,,,,,,,,,,,,,,,,09:01:00.603,,,,,,,,,,,,,,,,
OR.FR,E,08-11-2021,09:01:00.000,,,,,,,,,,,,,,,,,,,,,,,,,,,,,,,,,,,,
FNAC.FR,E,08-11-2021,09:01:00.000,,,,,,,,,,,,,,,,,,,,,,,,,,,,,,,,,,,,
FNAC.FR,E,08-11-2021,09:01:00.000,,,,,,,,,,,,,,,,,,,,,,,,,,,,,,,,,,,,
FGR.FR,E,08-11-2021,09:01:00.000,,,,,,,,,,,,,,,,,,,,,,,,,,,,,,,,,,,,
KORI.FR,E,08-11-2021,09:01:00.000,,,,,,,,,,,,,,,,,,,,,,,,,,,,,,,,,,,,
KORI.FR,E,08-11-2021,09:01:00.000,,,,,,,,,,,,,,,,,,,,,,,,,,,,,,,,,,,,
TE.FR,E,08-11-2021,09:01:00.000,13.235000,117,,,,,,,,,,,,,,,,,,09:01:00.660,,,,,,,,,,,,,,,,
TE.FR,E,08-11-2021,09:01:00.000,,,,,,,,,,,,,,,,,,,,,,,,,,,,,,,,,,,,
TE.FR,E,08-11-2021,09:01:00.000,,,13.205000,85,,,,,,,,,,,,,,,,09:01:00.660,,,,,,,,,,,,,,,,
TE.FR,E,08-11-2021,09:01:00.000,,,,,,,,,,,,,,,,,,,,,,,,,,,,,,,,,,,,
TE.FR,E,08-11-2021,09:01:00.000,,,,,,,,,,,,,,,,,,,,,,,,,,,,,,,,,,,,
TE.FR,E,08-11-2021,09:01:00.000,13.230000,250,,,,,,,,,,,,,,,,,,09:01:00.661,,,,,,,,,,,,,,,,
TE.FR,E,08-11-2021,09:01:00.000,,,,,,,,,,,,,,,,,,,,,,,,,,,,,,,,,,,,
TE.FR,E,08-11-2021,09:01:00.000,,,,,,,,,,,,,,,,,,,,,,,,,,,,,,,,,,,,
TE.FR,E,08-11-2021,09:01:00.000,,,,,,,,,,,,,,,,,,,,,,,,,,,,,,,,,,,,
TE.FR,E,08-11-2021,09:01:00.000,13.225000,150,,,,,,,,,,,,,,,,,,09:01:00.664,,,,,,,,,,,,,,,,
TE.FR,E,08-11-2021,09:01:00.000,,,,,,,,,,,,,,,,,,,,,,,,,,,,,,,,,,,,
TE.FR,E,08-11-2021,09:01:00.000,,,,,,,,,,,,,,,,,,,,,,,,,,,,,,,,,,,,
TE.FR,E,08-11-2021,09:01:00.000,13.235000,117,,,,,,,,,,,,,,,,,,09:01:00.664,,,,,,,,,,,,,,,,
TE.FR,E,08-11-2021,09:01:00.000,,,,,,,,,,,,,,,,,,,,,,,,,,,,,,,,,,,,
TE.FR,E,08-11-2021,09:01:00.000,13.230000,250,,,,,,,,,,,,,,,,,,09:01:00.664,,,,,,,,,,,,,,,,
TE.FR,E,08-11-2021,09:01:00.000,,,,,,,,,,,,,,,,,,,,,,,,,,,,,,,,,,,,
TE.FR,E,08-11-2021,09:01:00.000,,,,,,,,,,,,,,,,,,,,,,,,,,,,,,,,,,,,
TE.FR,E,08-11-2021,09:01:00.000,,,,,,,,,,,,,,,,,,,,,,,,,,,,,,,,,,,,
ORA.FR,E,08-11-2021,09:01:00.000,,,9.613000,1637,,,,,,,,,,,,,,,,09:01:00.737,,,,,,,,,,,,,,,,
ORA.FR,E,08-11-2021,09:01:00.000,,,,,,,,,,,,,,,,,,,,,,,,,,,,,,,,,,,,
SW.FR,E,08-11-2021,09:01:00.000,,,,,,,,,,,,,,,,,,,,,,,,,,,,,,,,,,,,
SW.FR,E,08-11-2021,09:01:00.000,,,,,,,,,,,,,,,,,,,,,,,,,,,,,,,,,,,,
SW.FR,E,08-11-2021,09:01:00.000,,,,,,,,,,,,,,,,,,,,,,,,,,,,,,,,,,,,
SW.FR,E,08-11-2021,09:01:00.000,,,,,,,,,,,,,,,,,,,,,,,,,,,,,,,,,,,,
ATA.FR,E,08-11-2021,09:01:00.000,,,,,,,,,,,,,,,,,,,,,,,,,,,,,,,,,,,,
A3CMNS.ETR,E,08-11-2021,09:01:00.000,,,,,,,,,,,,,,,,,,,,09:01:00.447,,,,,,,,,,,,,,,,
A1JGT0.ETR,E,08-11-2021,09:01:00.000,,,,,,,,,,,,,,,,,,,,09:01:00.316,,,,,,,,,,,,,,,,
MERY.FR,E,08-11-2021,09:01:00.000,,,,,,,,,,,,,,,,,,,,,,,,,,,,,,,,,,,,
ATA.FR,E,08-11-2021,09:01:00.000,0.395000,8280,,,,,,,,,,,,,,,,,,09:01:00.749,,,,,,,,,,,,,,,,
ATA.FR,E,08-11-2021,09:01:00.000,,,,,,,,,,,,,,,,,,,,,,,,,,,,,,,,,,,,
ATA.FR,E,08-11-2021,09:01:00.000,,,,,,,,,,,,,,,,,,,,,,,,,,,,,,,,,,,,
ATA.FR,E,08-11-2021,09:01:00.000,0.397000,21012,,,,,,,,,,,,,,,,,,09:01:00.749,,,,,,,,,,,,,,,,
ATA.FR,E,08-11-2021,09:01:00.000,,,,,,,,,,,,,,,,,,,,,,,,,,,,,,,,,,,,
ATA.FR,E,08-11-2021,09:01:00.000,0.395500,15000,,,,,,,,,,,,,,,,,,09:01:00.749,,,,,,,,,,,,,,,,
ATA.FR,E,08-11-2021,09:01:00.000,,,,,,,,,,,,,,,,,,,,,,,,,,,,,,,,,,,,
ATA.FR,E,08-11-2021,09:01:00.000,,,,,,,,,,,,,,,,,,,,,,,,,,,,,,,,,,,,
ATA.FR,E,08-11-2021,09:01:00.000,,,,,,,,,,,,,,,,,,,,,,,,,,,,,,,,,,,,
VPK.NL,E,08-11-2021,09:01:00.000,,,,,,,,,,,,,,,,,,,,,,,,,,,,,,,,,,,,
ATA.FR,E,08-11-2021,09:01:00.000,,,,,,,,,,,,,,,,,,,,,,,,,,,,,,,,,,,,
ATA.FR,E,08-11-2021,09:01:00.000,,,,,,,,,,,,,,,,,,,,,,,,,,,,,,,,,,,,
HEIA.NL,E,08-11-2021,09:01:00.000,,,,,,,,,,,,,,,,,,,,,,,,,,,,,,,,,,,,
HEIA.NL,E,08-11-2021,09:01:00.000,,,,,,,,,,,,,,,,,,,,,,,,,,,,,,,,,,,,
858266.ETR,E,08-11-2021,09:01:00.000,7.100000,2000,,,09:01:00.749,,,,,,,,,,,,,,,09:01:00.749,,,,,,,,,,,,,,,,
HEIA.NL,E,08-11-2021,09:01:00.000,,,,,,,,,,,,,,,,,,,,,,,,,,,,,,,,,,,,
TTE.FR,E,08-11-2021,09:01:00.000,,,,,,,,,,,,,,,,,,,,,,,,,,,,,,,,,,,,
TTE.FR,E,08-11-2021,09:01:00.000,43.340000,130,,,,,,,,,,,,,,,,,,09:01:00.761,,,,,,,,,,,,,,,,
TTE.FR,E,08-11-2021,09:01:00.000,,,,,,,,,,,,,,,,,,,,,,,,,,,,,,,,,,,,
EN.FR,E,08-11-2021,09:01:00.000,,,,,,,,,,,,,,,,,,,,,,,,,,,,,,,,,,,,
EN.FR,E,08-11-2021,09:01:00.000,,,35.580000,175,,,,,,,,,,,,,,,,09:01:00.761,,,,,,,,,,,,,,,,
EN.FR,E,08-11-2021,09:01:00.000,,,,,,,,,,,,,,,,,,,,,,,,,,,,,,,,,,,,
GLE.FR,E,08-11-2021,09:01:00.000,29.965000,250,,,,,,,,,,,,,,,,,,09:01:00.761,,,,,,,,,,,,,,,,
GLE.FR,E,08-11-2021,09:01:00.000,,,,,,,,,,,,,,,,,,,,,,,,,,,,,,,,,,,,
RI.FR,E,08-11-2021,09:01:00.000,204.700000,133,,,,,,,,,,,,,,,,,,09:01:00.761,,,,,,,,,,,,,,,,
RI.FR,E,08-11-2021,09:01:00.000,,,,,,,,,,,,,,,,,,,,,,,,,,,,,,,,,,,,
RI.FR,E,08-11-2021,09:01:00.000,,,,,,,,,,,,,,,,,,,,,,,,,,,,,,,,,,,,
SAN.FR,E,08-11-2021,09:01:00.000,,,88.510000,143,,,,,,,,,,,,,,,,09:01:00.762,,,,,,,,,,,,,,,,
SAN.FR,E,08-11-2021,09:01:00.000,,,,,,,,,,,,,,,,,,,,,,,,,,,,,,,,,,,,
SAN.FR,E,08-11-2021,09:01:00.000,,,,,,,,,,,,,,,,,,,,,,,,,,,,,,,,,,,,
SAN.FR,E,08-11-2021,09:01:00.000,,,,,,,,,,,,,,,,,,,,,,,,,,,,,,,,,,,,
AI.FR,E,08-11-2021,09:01:00.000,,,,,,,,,,,,,,,,,,,,,,,,,,,,,,,,,,,,
AI.FR,E,08-11-2021,09:01:00.000,,,,,,,,,,,,,,,,,,,,,,,,,,,,,,,,,,,,
AI.FR,E,08-11-2021,09:01:00.000,149.840000,212,,,,,,,,,,,,,,,,,,09:01:00.762,,,,,,,,,,,,,,,,
AI.FR,E,08-11-2021,09:01:00.000,,,,,,,,,,,,,,,,,,,,,,,,,,,,,,,,,,,,
AI.FR,E,08-11-2021,09:01:00.000,,,,,,,,,,,,,,,,,,149.760000,25,09:01:00.762,20990,,08-11-2021,,,,,,,09:01:00.000,,,,,,
AI.FR,E,08-11-2021,09:01:00.000,,,,,,,,,,,,,,,,,,,,,20990,,,,,,,,,,,,,,,
TTE.FR,E,08-11-2021,09:01:00.000,,,,,,,,,,,,,,,,,,,,,,,,,,,,,,,,,,,,
