source,lei,company_name,filing_id,country,filing_period_end,filing_published,concept,metric,value,unit,period_start,period_end,source_json_url
esef_filings_xbrl_org,14URO7KANNWKTLQY7F55,Tetragon Financial Group Limited,14URO7KANNWKTLQY7F55-2021-12-31-ESEF-NL-0,NL,2021-12-31,2022-03-22,ifrs-full:Assets,total_assets,2668500000,USD,,2020-12-31,https://filings.xbrl.org/14URO7KANNWKTLQY7F55/2021-12-31/ESEF/NL/0/14URO7KANNWKTLQY7F55-2021-12-31-T01.json
esef_filings_xbrl_org,14URO7KANNWKTLQY7F55,Tetragon Financial Group Limited,14URO7KANNWKTLQY7F55-2021-12-31-ESEF-NL-0,NL,2021-12-31,2022-03-22,ifrs-full:Assets,total_assets,3063900000,USD,,2021-12-31,https://filings.xbrl.org/14URO7KANNWKTLQY7F55/2021-12-31/ESEF/NL/0/14URO7KANNWKTLQY7F55-2021-12-31-T01.json
esef_filings_xbrl_org,14URO7KANNWKTLQY7F55,Tetragon Financial Group Limited,14URO7KANNWKTLQY7F55-2021-12-31-ESEF-NL-0,NL,2021-12-31,2022-03-22,ifrs-full:BasicEarningsLossPerShare,eps_basic,1.87,USD/share,2020-01-01,2020-12-31,https://filings.xbrl.org/14URO7KANNWKTLQY7F55/2021-12-31/ESEF/NL/0/14URO7KANNWKTLQY7F55-2021-12-31-T01.json
esef_filings_xbrl_org,14URO7KANNWKTLQY7F55,Tetragon Financial Group Limited,14URO7KANNWKTLQY7F55-2021-12-31-ESEF-NL-0,NL,2021-12-31,2022-03-22,ifrs-full:BasicEarningsLossPerShare,eps_basic,4.68,USD/share,2021-01-01,2021-12-31,https://filings.xbrl.org/14URO7KANNWKTLQY7F55/2021-12-31/ESEF/NL/0/14URO7KANNWKTLQY7F55-2021-12-31-T01.json
esef_filings_xbrl_org,14URO7KANNWKTLQY7F55,Tetragon Financial Group Limited,14URO7KANNWKTLQY7F55-2021-12-31-ESEF-NL-0,NL,2021-12-31,2022-03-22,ifrs-full:CashAndCashEquivalents,cash_and_equivalents,133500000,USD,,2019-12-31,https://filings.xbrl.org/14URO7KANNWKTLQY7F55/2021-12-31/ESEF/NL/0/14URO7KANNWKTLQY7F55-2021-12-31-T01.json
esef_filings_xbrl_org,14URO7KANNWKTLQY7F55,Tetragon Financial Group Limited,14URO7KANNWKTLQY7F55-2021-12-31-ESEF-NL-0,NL,2021-12-31,2022-03-22,ifrs-full:CashAndCashEquivalents,cash_and_equivalents,191600000,USD,,2020-12-31,https://filings.xbrl.org/14URO7KANNWKTLQY7F55/2021-12-31/ESEF/NL/0/14URO7KANNWKTLQY7F55-2021-12-31-T01.json
esef_filings_xbrl_org,14URO7KANNWKTLQY7F55,Tetragon Financial Group Limited,14URO7KANNWKTLQY7F55-2021-12-31-ESEF-NL-0,NL,2021-12-31,2022-03-22,ifrs-full:CashAndCashEquivalents,cash_and_equivalents,198800000,USD,,2021-12-31,https://filings.xbrl.org/14URO7KANNWKTLQY7F55/2021-12-31/ESEF/NL/0/14URO7KANNWKTLQY7F55-2021-12-31-T01.json
esef_filings_xbrl_org,14URO7KANNWKTLQY7F55,Tetragon Financial Group Limited,14URO7KANNWKTLQY7F55-2021-12-31-ESEF-NL-0,NL,2021-12-31,2022-03-22,ifrs-full:CashFlowsFromUsedInOperatingActivities,operating_cash_flow,208500000,USD,2020-01-01,2020-12-31,https://filings.xbrl.org/14URO7KANNWKTLQY7F55/2021-12-31/ESEF/NL/0/14URO7KANNWKTLQY7F55-2021-12-31-T01.json
esef_filings_xbrl_org,14URO7KANNWKTLQY7F55,Tetragon Financial Group Limited,14URO7KANNWKTLQY7F55-2021-12-31-ESEF-NL-0,NL,2021-12-31,2022-03-22,ifrs-full:CashFlowsFromUsedInOperatingActivities,operating_cash_flow,64300000,USD,2021-01-01,2021-12-31,https://filings.xbrl.org/14URO7KANNWKTLQY7F55/2021-12-31/ESEF/NL/0/14URO7KANNWKTLQY7F55-2021-12-31-T01.json
esef_filings_xbrl_org,14URO7KANNWKTLQY7F55,Tetragon Financial Group Limited,14URO7KANNWKTLQY7F55-2021-12-31-ESEF-NL-0,NL,2021-12-31,2022-03-22,ifrs-full:DilutedEarningsLossPerShare,eps_diluted,1.67,USD/share,2020-01-01,2020-12-31,https://filings.xbrl.org/14URO7KANNWKTLQY7F55/2021-12-31/ESEF/NL/0/14URO7KANNWKTLQY7F55-2021-12-31-T01.json
esef_filings_xbrl_org,14URO7KANNWKTLQY7F55,Tetragon Financial Group Limited,14URO7KANNWKTLQY7F55-2021-12-31-ESEF-NL-0,NL,2021-12-31,2022-03-22,ifrs-full:DilutedEarningsLossPerShare,eps_diluted,4.16,USD/share,2021-01-01,2021-12-31,https://filings.xbrl.org/14URO7KANNWKTLQY7F55/2021-12-31/ESEF/NL/0/14URO7KANNWKTLQY7F55-2021-12-31-T01.json
esef_filings_xbrl_org,14URO7KANNWKTLQY7F55,Tetragon Financial Group Limited,14URO7KANNWKTLQY7F55-2021-12-31-ESEF-NL-0,NL,2021-12-31,2022-03-22,ifrs-full:Equity,total_equity,2386100000,USD,,2019-12-31,https://filings.xbrl.org/14URO7KANNWKTLQY7F55/2021-12-31/ESEF/NL/0/14URO7KANNWKTLQY7F55-2021-12-31-T01.json
esef_filings_xbrl_org,14URO7KANNWKTLQY7F55,Tetragon Financial Group Limited,14URO7KANNWKTLQY7F55-2021-12-31-ESEF-NL-0,NL,2021-12-31,2022-03-22,ifrs-full:Equity,total_equity,2474400000,USD,,2020-12-31,https://filings.xbrl.org/14URO7KANNWKTLQY7F55/2021-12-31/ESEF/NL/0/14URO7KANNWKTLQY7F55-2021-12-31-T01.json
esef_filings_xbrl_org,14URO7KANNWKTLQY7F55,Tetragon Financial Group Limited,14URO7KANNWKTLQY7F55-2021-12-31-ESEF-NL-0,NL,2021-12-31,2022-03-22,ifrs-full:Equity,total_equity,2876800000,USD,,2021-12-31,https://filings.xbrl.org/14URO7KANNWKTLQY7F55/2021-12-31/ESEF/NL/0/14URO7KANNWKTLQY7F55-2021-12-31-T01.json
esef_filings_xbrl_org,14URO7KANNWKTLQY7F55,Tetragon Financial Group Limited,14URO7KANNWKTLQY7F55-2021-12-31-ESEF-NL-0,NL,2021-12-31,2022-03-22,ifrs-full:Liabilities,total_liabilities,194100000,USD,,2020-12-31,https://filings.xbrl.org/14URO7KANNWKTLQY7F55/2021-12-31/ESEF/NL/0/14URO7KANNWKTLQY7F55-2021-12-31-T01.json
esef_filings_xbrl_org,14URO7KANNWKTLQY7F55,Tetragon Financial Group Limited,14URO7KANNWKTLQY7F55-2021-12-31-ESEF-NL-0,NL,2021-12-31,2022-03-22,ifrs-full:Liabilities,total_liabilities,187100000,USD,,2021-12-31,https://filings.xbrl.org/14URO7KANNWKTLQY7F55/2021-12-31/ESEF/NL/0/14URO7KANNWKTLQY7F55-2021-12-31-T01.json
esef_filings_xbrl_org,14URO7KANNWKTLQY7F55,Tetragon Financial Group Limited,14URO7KANNWKTLQY7F55-2021-12-31-ESEF-NL-0,NL,2021-12-31,2022-03-22,ifrs-full:ProfitLoss,net_income,171100000,USD,2020-01-01,2020-12-31,https://filings.xbrl.org/14URO7KANNWKTLQY7F55/2021-12-31/ESEF/NL/0/14URO7KANNWKTLQY7F55-2021-12-31-T01.json
esef_filings_xbrl_org,14URO7KANNWKTLQY7F55,Tetragon Financial Group Limited,14URO7KANNWKTLQY7F55-2021-12-31-ESEF-NL-0,NL,2021-12-31,2022-03-22,ifrs-full:ProfitLoss,net_income,418200000,USD,2021-01-01,2021-12-31,https://filings.xbrl.org/14URO7KANNWKTLQY7F55/2021-12-31/ESEF/NL/0/14URO7KANNWKTLQY7F55-2021-12-31-T01.json
esef_filings_xbrl_org,14URO7KANNWKTLQY7F55,Tetragon Financial Group Limited,14URO7KANNWKTLQY7F55-2021-12-31-ESEF-NL-0,NL,2021-12-31,2022-03-22,ifrs-full:ProfitLossFromOperatingActivities,operating_income,177300000,USD,2020-01-01,2020-12-31,https://filings.xbrl.org/14URO7KANNWKTLQY7F55/2021-12-31/ESEF/NL/0/14URO7KANNWKTLQY7F55-2021-12-31-T01.json
esef_filings_xbrl_org,14URO7KANNWKTLQY7F55,Tetragon Financial Group Limited,14URO7KANNWKTLQY7F55-2021-12-31-ESEF-NL-0,NL,2021-12-31,2022-03-22,ifrs-full:ProfitLossFromOperatingActivities,operating_income,424000000,USD,2021-01-01,2021-12-31,https://filings.xbrl.org/14URO7KANNWKTLQY7F55/2021-12-31/ESEF/NL/0/14URO7KANNWKTLQY7F55-2021-12-31-T01.json
esef_filings_xbrl_org,14URO7KANNWKTLQY7F55,Tetragon Financial Group Limited,14URO7KANNWKTLQY7F55-2022-12-31-ESEF-NL-0,NL,2022-12-31,2023-03-14,ifrs-full:Assets,total_assets,3063900000,USD,,2021-12-31,https://filings.xbrl.org/14URO7KANNWKTLQY7F55/2022-12-31/ESEF/NL/0/14URO7KANNWKTLQY7F55-2022-12-31-T01.json
esef_filings_xbrl_org,14URO7KANNWKTLQY7F55,Tetragon Financial Group Limited,14URO7KANNWKTLQY7F55-2022-12-31-ESEF-NL-0,NL,2022-12-31,2023-03-14,ifrs-full:Assets,total_assets,2974200000,USD,,2022-12-31,https://filings.xbrl.org/14URO7KANNWKTLQY7F55/2022-12-31/ESEF/NL/0/14URO7KANNWKTLQY7F55-2022-12-31-T01.json
esef_filings_xbrl_org,14URO7KANNWKTLQY7F55,Tetragon Financial Group Limited,14URO7KANNWKTLQY7F55-2022-12-31-ESEF-NL-0,NL,2022-12-31,2023-03-14,ifrs-full:BasicEarningsLossPerShare,eps_basic,4.68,USD/share,2021-01-01,2021-12-31,https://filings.xbrl.org/14URO7KANNWKTLQY7F55/2022-12-31/ESEF/NL/0/14URO7KANNWKTLQY7F55-2022-12-31-T01.json
esef_filings_xbrl_org,14URO7KANNWKTLQY7F55,Tetragon Financial Group Limited,14URO7KANNWKTLQY7F55-2022-12-31-ESEF-NL-0,NL,2022-12-31,2023-03-14,ifrs-full:BasicEarningsLossPerShare,eps_basic,-0.35,USD/share,2022-01-01,2022-12-31,https://filings.xbrl.org/14URO7KANNWKTLQY7F55/2022-12-31/ESEF/NL/0/14URO7KANNWKTLQY7F55-2022-12-31-T01.json
esef_filings_xbrl_org,14URO7KANNWKTLQY7F55,Tetragon Financial Group Limited,14URO7KANNWKTLQY7F55-2022-12-31-ESEF-NL-0,NL,2022-12-31,2023-03-14,ifrs-full:CashAndCashEquivalents,cash_and_equivalents,191600000,USD,,2020-12-31,https://filings.xbrl.org/14URO7KANNWKTLQY7F55/2022-12-31/ESEF/NL/0/14URO7KANNWKTLQY7F55-2022-12-31-T01.json
esef_filings_xbrl_org,14URO7KANNWKTLQY7F55,Tetragon Financial Group Limited,14URO7KANNWKTLQY7F55-2022-12-31-ESEF-NL-0,NL,2022-12-31,2023-03-14,ifrs-full:CashAndCashEquivalents,cash_and_equivalents,198800000,USD,,2021-12-31,https://filings.xbrl.org/14URO7KANNWKTLQY7F55/2022-12-31/ESEF/NL/0/14URO7KANNWKTLQY7F55-2022-12-31-T01.json
esef_filings_xbrl_org,14URO7KANNWKTLQY7F55,Tetragon Financial Group Limited,14URO7KANNWKTLQY7F55-2022-12-31-ESEF-NL-0,NL,2022-12-31,2023-03-14,ifrs-full:CashAndCashEquivalents,cash_and_equivalents,21700000,USD,,2022-12-31,https://filings.xbrl.org/14URO7KANNWKTLQY7F55/2022-12-31/ESEF/NL/0/14URO7KANNWKTLQY7F55-2022-12-31-T01.json
esef_filings_xbrl_org,14URO7KANNWKTLQY7F55,Tetragon Financial Group Limited,14URO7KANNWKTLQY7F55-2022-12-31-ESEF-NL-0,NL,2022-12-31,2023-03-14,ifrs-full:CashFlowsFromUsedInOperatingActivities,operating_cash_flow,64300000,USD,2021-01-01,2021-12-31,https://filings.xbrl.org/14URO7KANNWKTLQY7F55/2022-12-31/ESEF/NL/0/14URO7KANNWKTLQY7F55-2022-12-31-T01.json
esef_filings_xbrl_org,14URO7KANNWKTLQY7F55,Tetragon Financial Group Limited,14URO7KANNWKTLQY7F55-2022-12-31-ESEF-NL-0,NL,2022-12-31,2023-03-14,ifrs-full:CashFlowsFromUsedInOperatingActivities,operating_cash_flow,-111000000,USD,2022-01-01,2022-12-31,https://filings.xbrl.org/14URO7KANNWKTLQY7F55/2022-12-31/ESEF/NL/0/14URO7KANNWKTLQY7F55-2022-12-31-T01.json
esef_filings_xbrl_org,14URO7KANNWKTLQY7F55,Tetragon Financial Group Limited,14URO7KANNWKTLQY7F55-2022-12-31-ESEF-NL-0,NL,2022-12-31,2023-03-14,ifrs-full:DilutedEarningsLossPerShare,eps_diluted,4.16,USD/share,2021-01-01,2021-12-31,https://filings.xbrl.org/14URO7KANNWKTLQY7F55/2022-12-31/ESEF/NL/0/14URO7KANNWKTLQY7F55-2022-12-31-T01.json
esef_filings_xbrl_org,14URO7KANNWKTLQY7F55,Tetragon Financial Group Limited,14URO7KANNWKTLQY7F55-2022-12-31-ESEF-NL-0,NL,2022-12-31,2023-03-14,ifrs-full:DilutedEarningsLossPerShare,eps_diluted,-0.34,USD/share,2022-01-01,2022-12-31,https://filings.xbrl.org/14URO7KANNWKTLQY7F55/2022-12-31/ESEF/NL/0/14URO7KANNWKTLQY7F55-2022-12-31-T01.json
esef_filings_xbrl_org,14URO7KANNWKTLQY7F55,Tetragon Financial Group Limited,14URO7KANNWKTLQY7F55-2022-12-31-ESEF-NL-0,NL,2022-12-31,2023-03-14,ifrs-full:Equity,total_equity,2474400000,USD,,2020-12-31,https://filings.xbrl.org/14URO7KANNWKTLQY7F55/2022-12-31/ESEF/NL/0/14URO7KANNWKTLQY7F55-2022-12-31-T01.json
esef_filings_xbrl_org,14URO7KANNWKTLQY7F55,Tetragon Financial Group Limited,14URO7KANNWKTLQY7F55-2022-12-31-ESEF-NL-0,NL,2022-12-31,2023-03-14,ifrs-full:Equity,total_equity,2876800000,USD,,2021-12-31,https://filings.xbrl.org/14URO7KANNWKTLQY7F55/2022-12-31/ESEF/NL/0/14URO7KANNWKTLQY7F55-2022-12-31-T01.json
esef_filings_xbrl_org,14URO7KANNWKTLQY7F55,Tetragon Financial Group Limited,14URO7KANNWKTLQY7F55-2022-12-31-ESEF-NL-0,NL,2022-12-31,2023-03-14,ifrs-full:Equity,total_equity,2758500000,USD,,2022-12-31,https://filings.xbrl.org/14URO7KANNWKTLQY7F55/2022-12-31/ESEF/NL/0/14URO7KANNWKTLQY7F55-2022-12-31-T01.json
esef_filings_xbrl_org,14URO7KANNWKTLQY7F55,Tetragon Financial Group Limited,14URO7KANNWKTLQY7F55-2022-12-31-ESEF-NL-0,NL,2022-12-31,2023-03-14,ifrs-full:Liabilities,total_liabilities,187100000,USD,,2021-12-31,https://filings.xbrl.org/14URO7KANNWKTLQY7F55/2022-12-31/ESEF/NL/0/14URO7KANNWKTLQY7F55-2022-12-31-T01.json
esef_filings_xbrl_org,14URO7KANNWKTLQY7F55,Tetragon Financial Group Limited,14URO7KANNWKTLQY7F55-2022-12-31-ESEF-NL-0,NL,2022-12-31,2023-03-14,ifrs-full:Liabilities,total_liabilities,215700000,USD,,2022-12-31,https://filings.xbrl.org/14URO7KANNWKTLQY7F55/2022-12-31/ESEF/NL/0/14URO7KANNWKTLQY7F55-2022-12-31-T01.json
esef_filings_xbrl_org,14URO7KANNWKTLQY7F55,Tetragon Financial Group Limited,14URO7KANNWKTLQY7F55-2022-12-31-ESEF-NL-0,NL,2022-12-31,2023-03-14,ifrs-full:ProfitLoss,net_income,418200000,USD,2021-01-01,2021-12-31,https://filings.xbrl.org/14URO7KANNWKTLQY7F55/2022-12-31/ESEF/NL/0/14URO7KANNWKTLQY7F55-2022-12-31-T01.json
esef_filings_xbrl_org,14URO7KANNWKTLQY7F55,Tetragon Financial Group Limited,14URO7KANNWKTLQY7F55-2022-12-31-ESEF-NL-0,NL,2022-12-31,2023-03-14,ifrs-full:ProfitLoss,net_income,-32100000,USD,2022-01-01,2022-12-31,https://filings.xbrl.org/14URO7KANNWKTLQY7F55/2022-12-31/ESEF/NL/0/14URO7KANNWKTLQY7F55-2022-12-31-T01.json
esef_filings_xbrl_org,14URO7KANNWKTLQY7F55,Tetragon Financial Group Limited,14URO7KANNWKTLQY7F55-2022-12-31-ESEF-NL-0,NL,2022-12-31,2023-03-14,ifrs-full:ProfitLossFromOperatingActivities,operating_income,424000000,USD,2021-01-01,2021-12-31,https://filings.xbrl.org/14URO7KANNWKTLQY7F55/2022-12-31/ESEF/NL/0/14URO7KANNWKTLQY7F55-2022-12-31-T01.json
esef_filings_xbrl_org,14URO7KANNWKTLQY7F55,Tetragon Financial Group Limited,14URO7KANNWKTLQY7F55-2022-12-31-ESEF-NL-0,NL,2022-12-31,2023-03-14,ifrs-full:ProfitLossFromOperatingActivities,operating_income,-21800000,USD,2022-01-01,2022-12-31,https://filings.xbrl.org/14URO7KANNWKTLQY7F55/2022-12-31/ESEF/NL/0/14URO7KANNWKTLQY7F55-2022-12-31-T01.json
esef_filings_xbrl_org,2138001S47XKWIB7TH90,EASYJET PLC,2138001S47XKWIB7TH90-2022-09-30-ESEF-GB-0,GB,2022-09-30,2023-01-05,ifrs-full:BasicEarningsLossPerShare,eps_basic,-1.59,GBP/share,2020-10-01,2021-09-30,https://filings.xbrl.org/2138001S47XKWIB7TH90/2022-09-30/ESEF/GB/0/2138001S47XKWIB7TH90-2022-09-30-T01.json
esef_filings_xbrl_org,2138001S47XKWIB7TH90,EASYJET PLC,2138001S47XKWIB7TH90-2022-09-30-ESEF-GB-0,GB,2022-09-30,2023-01-05,ifrs-full:BasicEarningsLossPerShare,eps_basic,-0.224,GBP/share,2021-10-01,2022-09-30,https://filings.xbrl.org/2138001S47XKWIB7TH90/2022-09-30/ESEF/GB/0/2138001S47XKWIB7TH90-2022-09-30-T01.json
esef_filings_xbrl_org,2138001S47XKWIB7TH90,EASYJET PLC,2138001S47XKWIB7TH90-2022-09-30-ESEF-GB-0,GB,2022-09-30,2023-01-05,ifrs-full:CashAndCashEquivalents,cash_and_equivalents,2284000000,GBP,,2020-09-30,https://filings.xbrl.org/2138001S47XKWIB7TH90/2022-09-30/ESEF/GB/0/2138001S47XKWIB7TH90-2022-09-30-T01.json
esef_filings_xbrl_org,2138001S47XKWIB7TH90,EASYJET PLC,2138001S47XKWIB7TH90-2022-09-30-ESEF-GB-0,GB,2022-09-30,2023-01-05,ifrs-full:CashAndCashEquivalents,cash_and_equivalents,3536000000,GBP,,2021-09-30,https://filings.xbrl.org/2138001S47XKWIB7TH90/2022-09-30/ESEF/GB/0/2138001S47XKWIB7TH90-2022-09-30-T01.json
esef_filings_xbrl_org,2138001S47XKWIB7TH90,EASYJET PLC,2138001S47XKWIB7TH90-2022-09-30-ESEF-GB-0,GB,2022-09-30,2023-01-05,ifrs-full:CashAndCashEquivalents,cash_and_equivalents,3514000000,GBP,,2022-09-30,https://filings.xbrl.org/2138001S47XKWIB7TH90/2022-09-30/ESEF/GB/0/2138001S47XKWIB7TH90-2022-09-30-T01.json
esef_filings_xbrl_org,2138001S47XKWIB7TH90,EASYJET PLC,2138001S47XKWIB7TH90-2022-09-30-ESEF-GB-0,GB,2022-09-30,2023-01-05,ifrs-full:CashFlowsFromUsedInOperatingActivities,operating_cash_flow,-1035000000,GBP,2020-10-01,2021-09-30,https://filings.xbrl.org/2138001S47XKWIB7TH90/2022-09-30/ESEF/GB/0/2138001S47XKWIB7TH90-2022-09-30-T01.json
esef_filings_xbrl_org,2138001S47XKWIB7TH90,EASYJET PLC,2138001S47XKWIB7TH90-2022-09-30-ESEF-GB-0,GB,2022-09-30,2023-01-05,ifrs-full:CashFlowsFromUsedInOperatingActivities,operating_cash_flow,776000000,GBP,2021-10-01,2022-09-30,https://filings.xbrl.org/2138001S47XKWIB7TH90/2022-09-30/ESEF/GB/0/2138001S47XKWIB7TH90-2022-09-30-T01.json
esef_filings_xbrl_org,2138001S47XKWIB7TH90,EASYJET PLC,2138001S47XKWIB7TH90-2022-09-30-ESEF-GB-0,GB,2022-09-30,2023-01-05,ifrs-full:CurrentAssets,current_assets,4165000000,GBP,,2021-09-30,https://filings.xbrl.org/2138001S47XKWIB7TH90/2022-09-30/ESEF/GB/0/2138001S47XKWIB7TH90-2022-09-30-T01.json
esef_filings_xbrl_org,2138001S47XKWIB7TH90,EASYJET PLC,2138001S47XKWIB7TH90-2022-09-30-ESEF-GB-0,GB,2022-09-30,2023-01-05,ifrs-full:CurrentAssets,current_assets,4929000000,GBP,,2022-09-30,https://filings.xbrl.org/2138001S47XKWIB7TH90/2022-09-30/ESEF/GB/0/2138001S47XKWIB7TH90-2022-09-30-T01.json
esef_filings_xbrl_org,2138001S47XKWIB7TH90,EASYJET PLC,2138001S47XKWIB7TH90-2022-09-30-ESEF-GB-0,GB,2022-09-30,2023-01-05,ifrs-full:CurrentLiabilities,current_liabilities,2677000000,GBP,,2021-09-30,https://filings.xbrl.org/2138001S47XKWIB7TH90/2022-09-30/ESEF/GB/0/2138001S47XKWIB7TH90-2022-09-30-T01.json
esef_filings_xbrl_org,2138001S47XKWIB7TH90,EASYJET PLC,2138001S47XKWIB7TH90-2022-09-30-ESEF-GB-0,GB,2022-09-30,2023-01-05,ifrs-full:CurrentLiabilities,current_liabilities,3678000000,GBP,,2022-09-30,https://filings.xbrl.org/2138001S47XKWIB7TH90/2022-09-30/ESEF/GB/0/2138001S47XKWIB7TH90-2022-09-30-T01.json
esef_filings_xbrl_org,2138001S47XKWIB7TH90,EASYJET PLC,2138001S47XKWIB7TH90-2022-09-30-ESEF-GB-0,GB,2022-09-30,2023-01-05,ifrs-full:DilutedEarningsLossPerShare,eps_diluted,-1.59,GBP/share,2020-10-01,2021-09-30,https://filings.xbrl.org/2138001S47XKWIB7TH90/2022-09-30/ESEF/GB/0/2138001S47XKWIB7TH90-2022-09-30-T01.json
esef_filings_xbrl_org,2138001S47XKWIB7TH90,EASYJET PLC,2138001S47XKWIB7TH90-2022-09-30-ESEF-GB-0,GB,2022-09-30,2023-01-05,ifrs-full:DilutedEarningsLossPerShare,eps_diluted,-0.224,GBP/share,2021-10-01,2022-09-30,https://filings.xbrl.org/2138001S47XKWIB7TH90/2022-09-30/ESEF/GB/0/2138001S47XKWIB7TH90-2022-09-30-T01.json
esef_filings_xbrl_org,2138001S47XKWIB7TH90,EASYJET PLC,2138001S47XKWIB7TH90-2022-09-30-ESEF-GB-0,GB,2022-09-30,2023-01-05,ifrs-full:Equity,total_equity,1899000000,GBP,,2020-09-30,https://filings.xbrl.org/2138001S47XKWIB7TH90/2022-09-30/ESEF/GB/0/2138001S47XKWIB7TH90-2022-09-30-T01.json
esef_filings_xbrl_org,2138001S47XKWIB7TH90,EASYJET PLC,2138001S47XKWIB7TH90-2022-09-30-ESEF-GB-0,GB,2022-09-30,2023-01-05,ifrs-full:Equity,total_equity,2639000000,GBP,,2021-09-30,https://filings.xbrl.org/2138001S47XKWIB7TH90/2022-09-30/ESEF/GB/0/2138001S47XKWIB7TH90-2022-09-30-T01.json
esef_filings_xbrl_org,2138001S47XKWIB7TH90,EASYJET PLC,2138001S47XKWIB7TH90-2022-09-30-ESEF-GB-0,GB,2022-09-30,2023-01-05,ifrs-full:Equity,total_equity,2533000000,GBP,,2022-09-30,https://filings.xbrl.org/2138001S47XKWIB7TH90/2022-09-30/ESEF/GB/0/2138001S47XKWIB7TH90-2022-09-30-T01.json
esef_filings_xbrl_org,2138001S47XKWIB7TH90,EASYJET PLC,2138001S47XKWIB7TH90-2022-09-30-ESEF-GB-0,GB,2022-09-30,2023-01-05,ifrs-full:NoncurrentAssets,noncurrent_assets,5608000000,GBP,,2021-09-30,https://filings.xbrl.org/2138001S47XKWIB7TH90/2022-09-30/ESEF/GB/0/2138001S47XKWIB7TH90-2022-09-30-T01.json
esef_filings_xbrl_org,2138001S47XKWIB7TH90,EASYJET PLC,2138001S47XKWIB7TH90-2022-09-30-ESEF-GB-0,GB,2022-09-30,2023-01-05,ifrs-full:NoncurrentAssets,noncurrent_assets,5525000000,GBP,,2022-09-30,https://filings.xbrl.org/2138001S47XKWIB7TH90/2022-09-30/ESEF/GB/0/2138001S47XKWIB7TH90-2022-09-30-T01.json
esef_filings_xbrl_org,2138001S47XKWIB7TH90,EASYJET PLC,2138001S47XKWIB7TH90-2022-09-30-ESEF-GB-0,GB,2022-09-30,2023-01-05,ifrs-full:NoncurrentLiabilities,noncurrent_liabilities,4457000000,GBP,,2021-09-30,https://filings.xbrl.org/2138001S47XKWIB7TH90/2022-09-30/ESEF/GB/0/2138001S47XKWIB7TH90-2022-09-30-T01.json
esef_filings_xbrl_org,2138001S47XKWIB7TH90,EASYJET PLC,2138001S47XKWIB7TH90-2022-09-30-ESEF-GB-0,GB,2022-09-30,2023-01-05,ifrs-full:NoncurrentLiabilities,noncurrent_liabilities,4243000000,GBP,,2022-09-30,https://filings.xbrl.org/2138001S47XKWIB7TH90/2022-09-30/ESEF/GB/0/2138001S47XKWIB7TH90-2022-09-30-T01.json
esef_filings_xbrl_org,2138001S47XKWIB7TH90,EASYJET PLC,2138001S47XKWIB7TH90-2022-09-30-ESEF-GB-0,GB,2022-09-30,2023-01-05,ifrs-full:ProfitLoss,net_income,-858000000,GBP,2020-10-01,2021-09-30,https://filings.xbrl.org/2138001S47XKWIB7TH90/2022-09-30/ESEF/GB/0/2138001S47XKWIB7TH90-2022-09-30-T01.json
esef_filings_xbrl_org,2138001S47XKWIB7TH90,EASYJET PLC,2138001S47XKWIB7TH90-2022-09-30-ESEF-GB-0,GB,2022-09-30,2023-01-05,ifrs-full:ProfitLoss,net_income,-169000000,GBP,2021-10-01,2022-09-30,https://filings.xbrl.org/2138001S47XKWIB7TH90/2022-09-30/ESEF/GB/0/2138001S47XKWIB7TH90-2022-09-30-T01.json
esef_filings_xbrl_org,2138001S47XKWIB7TH90,EASYJET PLC,2138001S47XKWIB7TH90-2022-09-30-ESEF-GB-0,GB,2022-09-30,2023-01-05,ifrs-full:ProfitLossFromOperatingActivities,operating_income,-910000000,GBP,2020-10-01,2021-09-30,https://filings.xbrl.org/2138001S47XKWIB7TH90/2022-09-30/ESEF/GB/0/2138001S47XKWIB7TH90-2022-09-30-T01.json
esef_filings_xbrl_org,2138001S47XKWIB7TH90,EASYJET PLC,2138001S47XKWIB7TH90-2022-09-30-ESEF-GB-0,GB,2022-09-30,2023-01-05,ifrs-full:ProfitLossFromOperatingActivities,operating_income,-27000000,GBP,2021-10-01,2022-09-30,https://filings.xbrl.org/2138001S47XKWIB7TH90/2022-09-30/ESEF/GB/0/2138001S47XKWIB7TH90-2022-09-30-T01.json
esef_filings_xbrl_org,2138001S47XKWIB7TH90,EASYJET PLC,2138001S47XKWIB7TH90-2022-09-30-ESEF-GB-0,GB,2022-09-30,2023-01-05,ifrs-full:Revenue,revenue,1458000000,GBP,2020-10-01,2021-09-30,https://filings.xbrl.org/2138001S47XKWIB7TH90/2022-09-30/ESEF/GB/0/2138001S47XKWIB7TH90-2022-09-30-T01.json
esef_filings_xbrl_org,2138001S47XKWIB7TH90,EASYJET PLC,2138001S47XKWIB7TH90-2022-09-30-ESEF-GB-0,GB,2022-09-30,2023-01-05,ifrs-full:Revenue,revenue,5769000000,GBP,2021-10-01,2022-09-30,https://filings.xbrl.org/2138001S47XKWIB7TH90/2022-09-30/ESEF/GB/0/2138001S47XKWIB7TH90-2022-09-30-T01.json
esef_filings_xbrl_org,2138002P5RNKC5W2JZ46,TESCO PLC,2138002P5RNKC5W2JZ46-2022-02-26-ESEF-GB-0,GB,2022-02-26,2022-05-17,ifrs-full:BasicEarningsLossPerShare,eps_basic,0.6183,GBP/share,2020-03-01,2021-02-27,https://filings.xbrl.org/2138002P5RNKC5W2JZ46/2022-02-26/ESEF/GB/0/2138002P5RNKC5W2JZ46-2022-02-26-T01.json
esef_filings_xbrl_org,2138002P5RNKC5W2JZ46,TESCO PLC,2138002P5RNKC5W2JZ46-2022-02-26-ESEF-GB-0,GB,2022-02-26,2022-05-17,ifrs-full:BasicEarningsLossPerShare,eps_basic,0.1934,GBP/share,2021-02-28,2022-02-26,https://filings.xbrl.org/2138002P5RNKC5W2JZ46/2022-02-26/ESEF/GB/0/2138002P5RNKC5W2JZ46-2022-02-26-T01.json
esef_filings_xbrl_org,2138002P5RNKC5W2JZ46,TESCO PLC,2138002P5RNKC5W2JZ46-2022-02-26-ESEF-GB-0,GB,2022-02-26,2022-05-17,ifrs-full:CashAndCashEquivalents,cash_and_equivalents,4137000000,GBP,,2020-02-29,https://filings.xbrl.org/2138002P5RNKC5W2JZ46/2022-02-26/ESEF/GB/0/2138002P5RNKC5W2JZ46-2022-02-26-T01.json
esef_filings_xbrl_org,2138002P5RNKC5W2JZ46,TESCO PLC,2138002P5RNKC5W2JZ46-2022-02-26-ESEF-GB-0,GB,2022-02-26,2022-05-17,ifrs-full:CashAndCashEquivalents,cash_and_equivalents,2510000000,GBP,,2021-02-27,https://filings.xbrl.org/2138002P5RNKC5W2JZ46/2022-02-26/ESEF/GB/0/2138002P5RNKC5W2JZ46-2022-02-26-T01.json
esef_filings_xbrl_org,2138002P5RNKC5W2JZ46,TESCO PLC,2138002P5RNKC5W2JZ46-2022-02-26-ESEF-GB-0,GB,2022-02-26,2022-05-17,ifrs-full:CashAndCashEquivalents,cash_and_equivalents,2345000000,GBP,,2022-02-26,https://filings.xbrl.org/2138002P5RNKC5W2JZ46/2022-02-26/ESEF/GB/0/2138002P5RNKC5W2JZ46-2022-02-26-T01.json
esef_filings_xbrl_org,2138002P5RNKC5W2JZ46,TESCO PLC,2138002P5RNKC5W2JZ46-2022-02-26-ESEF-GB-0,GB,2022-02-26,2022-05-17,ifrs-full:CashFlowsFromUsedInOperatingActivities,operating_cash_flow,602000000,GBP,2020-03-01,2021-02-27,https://filings.xbrl.org/2138002P5RNKC5W2JZ46/2022-02-26/ESEF/GB/0/2138002P5RNKC5W2JZ46-2022-02-26-T01.json
esef_filings_xbrl_org,2138002P5RNKC5W2JZ46,TESCO PLC,2138002P5RNKC5W2JZ46-2022-02-26-ESEF-GB-0,GB,2022-02-26,2022-05-17,ifrs-full:CashFlowsFromUsedInOperatingActivities,operating_cash_flow,3757000000,GBP,2021-02-28,2022-02-26,https://filings.xbrl.org/2138002P5RNKC5W2JZ46/2022-02-26/ESEF/GB/0/2138002P5RNKC5W2JZ46-2022-02-26-T01.json
esef_filings_xbrl_org,2138002P5RNKC5W2JZ46,TESCO PLC,2138002P5RNKC5W2JZ46-2022-02-26-ESEF-GB-0,GB,2022-02-26,2022-05-17,ifrs-full:CurrentAssets,current_assets,13893000000,GBP,,2020-02-29,https://filings.xbrl.org/2138002P5RNKC5W2JZ46/2022-02-26/ESEF/GB/0/2138002P5RNKC5W2JZ46-2022-02-26-T01.json
esef_filings_xbrl_org,2138002P5RNKC5W2JZ46,TESCO PLC,2138002P5RNKC5W2JZ46-2022-02-26-ESEF-GB-0,GB,2022-02-26,2022-05-17,ifrs-full:CurrentAssets,current_assets,10807000000,GBP,,2021-02-27,https://filings.xbrl.org/2138002P5RNKC5W2JZ46/2022-02-26/ESEF/GB/0/2138002P5RNKC5W2JZ46-2022-02-26-T01.json
esef_filings_xbrl_org,2138002P5RNKC5W2JZ46,TESCO PLC,2138002P5RNKC5W2JZ46-2022-02-26-ESEF-GB-0,GB,2022-02-26,2022-05-17,ifrs-full:CurrentAssets,current_assets,12189000000,GBP,,2022-02-26,https://filings.xbrl.org/2138002P5RNKC5W2JZ46/2022-02-26/ESEF/GB/0/2138002P5RNKC5W2JZ46-2022-02-26-T01.json
esef_filings_xbrl_org,2138002P5RNKC5W2JZ46,TESCO PLC,2138002P5RNKC5W2JZ46-2022-02-26-ESEF-GB-0,GB,2022-02-26,2022-05-17,ifrs-full:DilutedEarningsLossPerShare,eps_diluted,0.6166,GBP/share,2020-03-01,2021-02-27,https://filings.xbrl.org/2138002P5RNKC5W2JZ46/2022-02-26/ESEF/GB/0/2138002P5RNKC5W2JZ46-2022-02-26-T01.json
esef_filings_xbrl_org,2138002P5RNKC5W2JZ46,TESCO PLC,2138002P5RNKC5W2JZ46-2022-02-26-ESEF-GB-0,GB,2022-02-26,2022-05-17,ifrs-full:DilutedEarningsLossPerShare,eps_diluted,0.1912,GBP/share,2021-02-28,2022-02-26,https://filings.xbrl.org/2138002P5RNKC5W2JZ46/2022-02-26/ESEF/GB/0/2138002P5RNKC5W2JZ46-2022-02-26-T01.json
esef_filings_xbrl_org,2138002P5RNKC5W2JZ46,TESCO PLC,2138002P5RNKC5W2JZ46-2022-02-26-ESEF-GB-0,GB,2022-02-26,2022-05-17,ifrs-full:Equity,total_equity,13292000000,GBP,,2020-02-29,https://filings.xbrl.org/2138002P5RNKC5W2JZ46/2022-02-26/ESEF/GB/0/2138002P5RNKC5W2JZ46-2022-02-26-T01.json
esef_filings_xbrl_org,2138002P5RNKC5W2JZ46,TESCO PLC,2138002P5RNKC5W2JZ46-2022-02-26-ESEF-GB-0,GB,2022-02-26,2022-05-17,ifrs-full:Equity,total_equity,12059000000,GBP,,2021-02-27,https://filings.xbrl.org/2138002P5RNKC5W2JZ46/2022-02-26/ESEF/GB/0/2138002P5RNKC5W2JZ46-2022-02-26-T01.json
esef_filings_xbrl_org,2138002P5RNKC5W2JZ46,TESCO PLC,2138002P5RNKC5W2JZ46-2022-02-26-ESEF-GB-0,GB,2022-02-26,2022-05-17,ifrs-full:Equity,total_equity,15644000000,GBP,,2022-02-26,https://filings.xbrl.org/2138002P5RNKC5W2JZ46/2022-02-26/ESEF/GB/0/2138002P5RNKC5W2JZ46-2022-02-26-T01.json
esef_filings_xbrl_org,2138002P5RNKC5W2JZ46,TESCO PLC,2138002P5RNKC5W2JZ46-2022-02-26-ESEF-GB-0,GB,2022-02-26,2022-05-17,ifrs-full:EquityAttributableToOwnersOfParent,equity_owners,13314000000,GBP,,2020-02-29,https://filings.xbrl.org/2138002P5RNKC5W2JZ46/2022-02-26/ESEF/GB/0/2138002P5RNKC5W2JZ46-2022-02-26-T01.json
esef_filings_xbrl_org,2138002P5RNKC5W2JZ46,TESCO PLC,2138002P5RNKC5W2JZ46-2022-02-26-ESEF-GB-0,GB,2022-02-26,2022-05-17,ifrs-full:EquityAttributableToOwnersOfParent,equity_owners,12077000000,GBP,,2021-02-27,https://filings.xbrl.org/2138002P5RNKC5W2JZ46/2022-02-26/ESEF/GB/0/2138002P5RNKC5W2JZ46-2022-02-26-T01.json
esef_filings_xbrl_org,2138002P5RNKC5W2JZ46,TESCO PLC,2138002P5RNKC5W2JZ46-2022-02-26-ESEF-GB-0,GB,2022-02-26,2022-05-17,ifrs-full:EquityAttributableToOwnersOfParent,equity_owners,15660000000,GBP,,2022-02-26,https://filings.xbrl.org/2138002P5RNKC5W2JZ46/2022-02-26/ESEF/GB/0/2138002P5RNKC5W2JZ46-2022-02-26-T01.json
esef_filings_xbrl_org,2138002P5RNKC5W2JZ46,TESCO PLC,2138002P5RNKC5W2JZ46-2022-02-26-ESEF-GB-0,GB,2022-02-26,2022-05-17,ifrs-full:NoncurrentAssets,noncurrent_assets,39177000000,GBP,,2020-02-29,https://filings.xbrl.org/2138002P5RNKC5W2JZ46/2022-02-26/ESEF/GB/0/2138002P5RNKC5W2JZ46-2022-02-26-T01.json
esef_filings_xbrl_org,2138002P5RNKC5W2JZ46,TESCO PLC,2138002P5RNKC5W2JZ46-2022-02-26-ESEF-GB-0,GB,2022-02-26,2022-05-17,ifrs-full:NoncurrentAssets,noncurrent_assets,34705000000,GBP,,2021-02-27,https://filings.xbrl.org/2138002P5RNKC5W2JZ46/2022-02-26/ESEF/GB/0/2138002P5RNKC5W2JZ46-2022-02-26-T01.json
esef_filings_xbrl_org,2138002P5RNKC5W2JZ46,TESCO PLC,2138002P5RNKC5W2JZ46-2022-02-26-ESEF-GB-0,GB,2022-02-26,2022-05-17,ifrs-full:NoncurrentAssets,noncurrent_assets,37162000000,GBP,,2022-02-26,https://filings.xbrl.org/2138002P5RNKC5W2JZ46/2022-02-26/ESEF/GB/0/2138002P5RNKC5W2JZ46-2022-02-26-T01.json
esef_filings_xbrl_org,2138002P5RNKC5W2JZ46,TESCO PLC,2138002P5RNKC5W2JZ46-2022-02-26-ESEF-GB-0,GB,2022-02-26,2022-05-17,ifrs-full:NoncurrentLiabilities,noncurrent_liabilities,21122000000,GBP,,2020-02-29,https://filings.xbrl.org/2138002P5RNKC5W2JZ46/2022-02-26/ESEF/GB/0/2138002P5RNKC5W2JZ46-2022-02-26-T01.json
esef_filings_xbrl_org,2138002P5RNKC5W2JZ46,TESCO PLC,2138002P5RNKC5W2JZ46-2022-02-26-ESEF-GB-0,GB,2022-02-26,2022-05-17,ifrs-full:NoncurrentLiabilities,noncurrent_liabilities,17456000000,GBP,,2021-02-27,https://filings.xbrl.org/2138002P5RNKC5W2JZ46/2022-02-26/ESEF/GB/0/2138002P5RNKC5W2JZ46-2022-02-26-T01.json
esef_filings_xbrl_org,2138002P5RNKC5W2JZ46,TESCO PLC,2138002P5RNKC5W2JZ46-2022-02-26-ESEF-GB-0,GB,2022-02-26,2022-05-17,ifrs-full:NoncurrentLiabilities,noncurrent_liabilities,17568000000,GBP,,2022-02-26,https://filings.xbrl.org/2138002P5RNKC5W2JZ46/2022-02-26/ESEF/GB/0/2138002P5RNKC5W2JZ46-2022-02-26-T01.json
esef_filings_xbrl_org,2138002P5RNKC5W2JZ46,TESCO PLC,2138002P5RNKC5W2JZ46-2022-02-26-ESEF-GB-0,GB,2022-02-26,2022-05-17,ifrs-full:ProfitLoss,net_income,5958000000,GBP,2020-03-01,2021-02-27,https://filings.xbrl.org/2138002P5RNKC5W2JZ46/2022-02-26/ESEF/GB/0/2138002P5RNKC5W2JZ46-2022-02-26-T01.json
esef_filings_xbrl_org,2138002P5RNKC5W2JZ46,TESCO PLC,2138002P5RNKC5W2JZ46-2022-02-26-ESEF-GB-0,GB,2022-02-26,2022-05-17,ifrs-full:ProfitLoss,net_income,1483000000,GBP,2021-02-28,2022-02-26,https://filings.xbrl.org/2138002P5RNKC5W2JZ46/2022-02-26/ESEF/GB/0/2138002P5RNKC5W2JZ46-2022-02-26-T01.json
esef_filings_xbrl_org,2138002P5RNKC5W2JZ46,TESCO PLC,2138002P5RNKC5W2JZ46-2022-02-26-ESEF-GB-0,GB,2022-02-26,2022-05-17,ifrs-full:ProfitLossAttributableToOwnersOfParent,net_income_owners,5954000000,GBP,2020-03-01,2021-02-27,https://filings.xbrl.org/2138002P5RNKC5W2JZ46/2022-02-26/ESEF/GB/0/2138002P5RNKC5W2JZ46-2022-02-26-T01.json
esef_filings_xbrl_org,2138002P5RNKC5W2JZ46,TESCO PLC,2138002P5RNKC5W2JZ46-2022-02-26-ESEF-GB-0,GB,2022-02-26,2022-05-17,ifrs-full:ProfitLossAttributableToOwnersOfParent,net_income_owners,1481000000,GBP,2021-02-28,2022-02-26,https://filings.xbrl.org/2138002P5RNKC5W2JZ46/2022-02-26/ESEF/GB/0/2138002P5RNKC5W2JZ46-2022-02-26-T01.json
esef_filings_xbrl_org,2138002P5RNKC5W2JZ46,TESCO PLC,2138002P5RNKC5W2JZ46-2022-02-26-ESEF-GB-0,GB,2022-02-26,2022-05-17,ifrs-full:ProfitLossFromOperatingActivities,operating_income,1547000000,GBP,2020-03-01,2021-02-27,https://filings.xbrl.org/2138002P5RNKC5W2JZ46/2022-02-26/ESEF/GB/0/2138002P5RNKC5W2JZ46-2022-02-26-T01.json
esef_filings_xbrl_org,2138002P5RNKC5W2JZ46,TESCO PLC,2138002P5RNKC5W2JZ46-2022-02-26-ESEF-GB-0,GB,2022-02-26,2022-05-17,ifrs-full:ProfitLossFromOperatingActivities,operating_income,2560000000,GBP,2021-02-28,2022-02-26,https://filings.xbrl.org/2138002P5RNKC5W2JZ46/2022-02-26/ESEF/GB/0/2138002P5RNKC5W2JZ46-2022-02-26-T01.json
esef_filings_xbrl_org,2138002P5RNKC5W2JZ46,TESCO PLC,2138002P5RNKC5W2JZ46-2022-02-26-ESEF-GB-0,GB,2022-02-26,2022-05-17,ifrs-full:Revenue,revenue,57887000000,GBP,2020-03-01,2021-02-27,https://filings.xbrl.org/2138002P5RNKC5W2JZ46/2022-02-26/ESEF/GB/0/2138002P5RNKC5W2JZ46-2022-02-26-T01.json
esef_filings_xbrl_org,2138002P5RNKC5W2JZ46,TESCO PLC,2138002P5RNKC5W2JZ46-2022-02-26-ESEF-GB-0,GB,2022-02-26,2022-05-17,ifrs-full:Revenue,revenue,61344000000,GBP,2021-02-28,2022-02-26,https://filings.xbrl.org/2138002P5RNKC5W2JZ46/2022-02-26/ESEF/GB/0/2138002P5RNKC5W2JZ46-2022-02-26-T01.json
esef_filings_xbrl_org,2138004JBXWWJKIURC57,PEARSON PLC,2138004JBXWWJKIURC57-2021-12-31-ESEF-GB-0,GB,2021-12-31,2022-04-14,ifrs-full:Assets,total_assets,7451000000,GBP,,2020-12-31,https://filings.xbrl.org/2138004JBXWWJKIURC57/2021-12-31/ESEF/GB/0/2138004JBXWWJKIURC57-2021-12-31-T01.json
esef_filings_xbrl_org,2138004JBXWWJKIURC57,PEARSON PLC,2138004JBXWWJKIURC57-2021-12-31-ESEF-GB-0,GB,2021-12-31,2022-04-14,ifrs-full:Assets,total_assets,7343000000,GBP,,2021-12-31,https://filings.xbrl.org/2138004JBXWWJKIURC57/2021-12-31/ESEF/GB/0/2138004JBXWWJKIURC57-2021-12-31-T01.json
